video_id,window_start,mean_saturation,mean_brightness,mean_motion,mean_flicker,cuts_per_min,max_flicker,max_motion,label
vid001_high.mp4,0.0,47.71,76.79,36.1,11.6,72.0,49.89,100.0,HIGH
vid001_high.mp4,5.0,20.43,71.66,42.32,39.55,120.0,100.0,100.0,HIGH
vid001_high.mp4,10.04,54.62,59.42,49.07,8.3,156.0,31.85,82.13,HIGH
vid001_high.mp4,15.08,52.48,59.97,33.74,3.82,48.0,34.13,100.0,HIGH
vid001_high.mp4,20.12,54.73,53.31,44.56,3.53,60.0,22.53,100.0,HIGH
vid001_high.mp4,25.16,51.87,54.63,41.22,2.11,60.0,7.21,100.0,HIGH
vid001_high.mp4,30.2,51.7,54.68,39.33,2.44,60.0,12.08,99.58,HIGH
vid001_high.mp4,35.24,54.12,53.83,57.24,8.48,132.0,59.09,100.0,HIGH
vid001_high.mp4,40.28,56.73,55.96,49.08,5.44,108.0,37.28,100.0,HIGH
vid001_high.mp4,45.32,52.96,54.19,35.97,4.45,48.0,51.41,100.0,HIGH
vid001_high.mp4,50.36,50.75,54.86,40.3,3.23,24.0,7.72,100.0,HIGH
vid001_high.mp4,55.4,61.24,61.72,41.66,6.17,84.0,50.21,100.0,HIGH
vid001_high.mp4,60.44,54.81,58.12,29.76,3.02,12.0,37.73,100.0,HIGH
vid001_high.mp4,65.48,48.22,54.77,32.94,2.62,12.0,15.86,95.16,HIGH
vid001_high.mp4,70.52,48.07,56.23,29.55,2.8,12.0,9.75,100.0,HIGH
vid001_high.mp4,75.56,50.23,56.37,39.06,6.32,84.0,29.72,100.0,HIGH
vid001_high.mp4,80.6,53.76,54.63,43.62,5.71,84.0,51.42,100.0,HIGH
vid001_high.mp4,85.64,52.64,56.19,48.1,12.34,96.0,71.31,100.0,HIGH
vid001_high.mp4,90.68,53.9,57.17,37.27,2.85,24.0,17.99,100.0,HIGH
vid001_high.mp4,95.72,50.74,58.69,43.3,5.22,60.0,56.41,100.0,HIGH
vid001_high.mp4,100.76,53.39,51.76,55.95,4.89,156.0,17.4,100.0,HIGH
vid001_high.mp4,105.8,58.39,51.07,17.78,1.0,12.0,3.94,100.0,HIGH
vid001_high.mp4,110.84,51.68,56.36,55.26,4.7,144.0,29.59,100.0,HIGH
vid001_high.mp4,115.88,47.87,48.96,32.63,3.43,36.0,41.07,100.0,HIGH
vid001_high.mp4,120.92,47.81,46.91,43.11,5.22,72.0,15.93,95.44,HIGH
vid001_high.mp4,125.96,47.29,47.04,59.25,6.55,156.0,20.75,94.26,HIGH
vid001_high.mp4,131.0,47.79,47.97,31.89,4.08,48.0,41.9,100.0,HIGH
vid001_high.mp4,136.04,47.91,46.14,43.89,4.06,36.0,9.79,100.0,HIGH
vid001_high.mp4,141.08,54.9,47.34,41.57,4.25,48.0,34.52,100.0,HIGH
vid001_high.mp4,146.12,52.45,47.39,25.83,2.04,12.0,7.48,100.0,HIGH
vid001_high.mp4,151.16,52.17,50.5,41.19,2.64,72.0,11.59,100.0,HIGH
vid001_high.mp4,156.2,55.88,53.53,26.21,2.54,12.0,15.36,100.0,HIGH
vid001_high.mp4,161.24,54.21,54.44,44.41,3.99,60.0,10.01,100.0,HIGH
vid001_high.mp4,166.28,50.12,54.14,52.45,4.76,120.0,18.33,100.0,HIGH
vid001_high.mp4,171.32,59.46,45.93,64.32,18.66,168.0,82.11,100.0,HIGH
vid001_high.mp4,176.36,52.39,52.86,37.59,2.16,60.0,12.22,89.06,HIGH
vid001_high.mp4,181.4,55.8,49.78,54.5,6.13,132.0,27.18,100.0,HIGH
vid001_high.mp4,186.44,52.61,49.71,24.82,1.01,12.0,2.83,100.0,HIGH
vid001_high.mp4,191.48,54.76,59.83,22.92,4.72,12.0,65.88,100.0,HIGH
vid001_high.mp4,196.52,57.69,60.45,39.68,5.23,72.0,25.13,100.0,HIGH
vid001_high.mp4,201.56,49.94,51.07,34.37,2.75,60.0,30.83,100.0,HIGH
vid001_high.mp4,206.6,53.3,50.85,47.67,3.37,48.0,28.6,100.0,HIGH
vid001_high.mp4,211.64,53.35,50.66,43.36,3.68,60.0,29.45,100.0,HIGH
vid001_high.mp4,216.68,54.08,49.36,42.73,4.05,72.0,20.7,100.0,HIGH
vid001_high.mp4,221.72,47.66,49.53,50.36,2.2,132.0,6.56,93.57,HIGH
vid001_high.mp4,226.76,55.38,49.83,38.99,1.48,84.0,5.34,100.0,HIGH
vid001_high.mp4,231.8,50.46,49.98,33.9,33.18,60.0,88.74,75.79,HIGH
vid001_high.mp4,236.84,34.06,68.47,59.57,13.59,156.0,91.22,100.0,HIGH
vid001_high.mp4,241.88,27.76,67.98,43.99,4.26,60.0,15.02,100.0,HIGH
vid001_high.mp4,246.92,31.99,70.45,40.3,16.48,72.0,91.67,100.0,HIGH
vid001_high.mp4,251.96,31.43,59.4,43.93,9.91,72.0,51.51,100.0,HIGH
vid001_high.mp4,257.0,33.65,67.58,36.88,3.97,48.0,13.44,93.43,HIGH
vid001_high.mp4,262.04,30.99,67.97,40.79,4.66,60.0,30.68,100.0,HIGH
vid001_high.mp4,267.08,32.26,67.56,45.47,10.39,72.0,36.71,100.0,HIGH
vid001_high.mp4,272.12,24.95,65.23,34.49,15.77,36.0,76.54,100.0,HIGH
vid001_high.mp4,277.16,35.66,67.96,41.6,12.27,60.0,59.9,93.0,HIGH
vid001_high.mp4,282.2,35.72,70.01,50.4,12.17,132.0,51.65,99.3,HIGH
vid001_high.mp4,287.24,31.25,74.89,42.71,10.35,96.0,83.94,100.0,HIGH
vid001_high.mp4,292.28,37.95,62.38,78.66,11.54,228.0,30.24,100.0,HIGH
vid002_high.mp4,0.0,40.41,78.73,35.06,12.85,36.0,36.14,100.0,HIGH
vid002_high.mp4,5.21,27.24,62.79,44.18,28.73,96.0,100.0,100.0,HIGH
vid002_high.mp4,10.21,36.2,43.37,40.6,4.4,36.0,41.79,96.05,HIGH
vid002_high.mp4,15.21,30.19,39.45,32.97,3.46,60.0,12.37,77.89,HIGH
vid002_high.mp4,20.46,31.25,46.05,32.47,7.1,36.0,66.51,100.0,HIGH
vid002_high.mp4,25.46,36.41,39.07,33.07,3.98,12.0,20.2,82.97,HIGH
vid002_high.mp4,30.46,32.41,41.82,24.89,3.31,12.0,29.86,79.17,HIGH
vid002_high.mp4,35.46,33.83,43.94,23.6,4.11,12.0,54.04,96.15,HIGH
vid002_high.mp4,40.46,33.24,34.97,32.94,4.06,24.0,13.62,53.57,HIGH
vid002_high.mp4,45.46,36.17,44.26,25.32,5.21,12.0,60.3,100.0,HIGH
vid002_high.mp4,50.46,36.57,47.68,26.14,2.77,12.0,22.27,100.0,HIGH
vid002_high.mp4,55.46,40.44,47.29,34.32,3.78,24.0,29.7,100.0,HIGH
vid002_high.mp4,60.46,37.92,47.71,41.6,2.78,72.0,19.18,97.48,HIGH
vid002_high.mp4,65.71,34.99,34.05,32.26,8.51,36.0,100.0,100.0,HIGH
vid002_high.mp4,70.71,32.77,19.03,13.75,1.46,0.0,6.65,29.71,HIGH
vid002_high.mp4,75.71,41.92,17.43,19.57,3.15,12.0,19.03,60.85,HIGH
vid002_high.mp4,80.71,29.18,17.3,13.5,3.96,0.0,42.38,49.69,HIGH
vid002_high.mp4,85.71,19.12,23.65,18.98,2.5,0.0,17.27,44.36,HIGH
vid002_high.mp4,90.71,27.09,20.36,19.17,1.92,0.0,13.25,47.26,HIGH
vid002_high.mp4,95.71,30.67,21.67,19.99,3.96,24.0,28.68,67.46,HIGH
vid002_high.mp4,100.71,38.88,23.45,25.81,1.31,12.0,7.78,71.74,HIGH
vid002_high.mp4,105.71,39.32,23.85,22.29,2.28,24.0,8.68,75.81,HIGH
vid002_high.mp4,110.71,46.61,26.99,19.6,2.31,24.0,18.63,71.57,HIGH
vid002_high.mp4,115.71,35.23,26.7,18.36,1.86,24.0,9.49,58.77,HIGH
vid002_high.mp4,120.71,33.51,26.52,15.71,3.77,12.0,52.14,73.81,HIGH
vid002_high.mp4,125.71,28.33,19.27,22.49,2.04,0.0,9.7,42.55,HIGH
vid002_high.mp4,130.71,31.7,22.95,25.85,2.85,12.0,17.21,65.01,HIGH
vid002_high.mp4,135.71,29.62,22.96,26.41,2.17,12.0,5.33,55.99,HIGH
vid002_high.mp4,140.71,20.26,23.01,24.45,7.13,24.0,77.29,87.03,HIGH
vid002_high.mp4,145.71,27.51,34.26,15.06,3.55,12.0,51.27,85.22,HIGH
vid002_high.mp4,150.71,40.37,26.91,15.66,3.51,24.0,52.16,80.52,HIGH
vid002_high.mp4,155.71,38.99,22.31,27.16,2.86,12.0,15.88,72.47,HIGH
vid002_high.mp4,160.71,45.23,24.93,26.04,3.08,24.0,12.1,84.52,HIGH
vid002_high.mp4,165.71,36.11,24.76,25.92,2.2,12.0,16.76,75.12,HIGH
vid002_high.mp4,170.71,27.22,19.22,17.05,6.78,24.0,77.54,84.04,HIGH
vid002_high.mp4,175.71,46.52,27.08,13.35,1.1,0.0,2.58,14.02,HIGH
vid002_high.mp4,180.71,33.71,27.87,18.7,1.65,24.0,12.72,86.85,HIGH
vid002_high.mp4,185.71,40.72,44.17,45.35,21.48,132.0,100.0,90.42,HIGH
vid002_high.mp4,190.71,47.7,63.82,20.2,3.91,24.0,46.54,98.03,HIGH
vid002_high.mp4,195.71,44.92,63.67,36.53,6.04,84.0,38.24,90.94,HIGH
vid002_high.mp4,200.71,45.92,61.92,17.94,1.42,12.0,9.81,85.45,HIGH
vid002_high.mp4,205.71,57.15,71.89,20.01,4.58,12.0,70.02,81.86,HIGH
vid002_high.mp4,210.71,53.13,67.58,18.52,4.58,12.0,57.3,72.62,HIGH
vid002_high.mp4,215.71,54.25,66.69,20.5,2.23,12.0,14.41,78.2,HIGH
vid002_high.mp4,220.71,53.27,68.95,20.13,1.77,12.0,5.43,73.53,HIGH
vid002_high.mp4,225.71,47.56,63.03,34.17,11.48,84.0,81.17,93.72,HIGH
vid002_high.mp4,230.71,48.35,65.77,20.1,3.04,12.0,27.05,73.6,HIGH
vid002_high.mp4,235.71,44.01,64.24,26.52,4.77,24.0,42.85,83.43,HIGH
vid002_high.mp4,240.71,53.8,61.93,33.4,9.28,48.0,77.79,100.0,HIGH
vid002_high.mp4,245.71,47.59,58.25,32.27,3.64,24.0,25.06,100.0,HIGH
vid002_high.mp4,250.71,48.33,58.9,26.66,4.8,12.0,81.06,100.0,HIGH
vid002_high.mp4,255.71,42.9,51.26,32.34,5.29,48.0,57.93,100.0,HIGH
vid002_high.mp4,260.96,47.44,56.72,39.06,2.82,60.0,18.03,70.86,HIGH
vid002_high.mp4,265.96,42.96,53.45,29.18,4.3,36.0,33.52,100.0,HIGH
vid002_high.mp4,270.96,45.97,53.65,29.77,3.2,12.0,8.68,100.0,HIGH
vid002_high.mp4,275.96,43.21,52.51,42.45,7.72,96.0,29.23,91.18,HIGH
vid002_high.mp4,280.96,44.26,54.06,34.26,4.3,24.0,39.01,97.05,HIGH
vid002_high.mp4,285.96,35.65,57.99,29.19,6.17,36.0,57.34,100.0,HIGH
vid002_high.mp4,290.96,37.88,56.55,50.5,5.6,108.0,11.32,100.0,HIGH
vid003_high.mp4,0.0,46.0,77.38,33.58,11.64,48.0,34.75,100.0,HIGH
vid003_high.mp4,5.21,29.05,65.21,40.99,38.13,108.0,100.0,100.0,HIGH
vid003_high.mp4,10.21,31.92,61.3,39.02,4.85,84.0,19.69,66.54,HIGH
vid003_high.mp4,15.21,27.12,61.88,52.06,6.29,120.0,47.85,100.0,HIGH
vid003_high.mp4,20.46,38.59,66.69,42.26,3.47,60.0,25.44,100.0,HIGH
vid003_high.mp4,25.46,27.98,66.58,37.62,4.12,12.0,8.53,99.88,HIGH
vid003_high.mp4,30.46,33.38,65.32,37.63,3.38,12.0,10.54,100.0,HIGH
vid003_high.mp4,35.46,32.25,54.12,47.17,7.54,108.0,35.98,100.0,HIGH
vid003_high.mp4,40.46,38.69,50.8,38.62,4.67,12.0,17.4,95.7,HIGH
vid003_high.mp4,45.46,37.24,62.91,34.95,7.74,12.0,76.71,100.0,HIGH
vid003_high.mp4,50.46,37.63,62.6,47.07,7.59,72.0,34.48,95.06,HIGH
vid003_high.mp4,55.46,27.81,63.71,36.4,6.56,48.0,32.05,100.0,HIGH
vid003_high.mp4,60.46,25.76,64.73,31.81,4.0,36.0,29.73,100.0,HIGH
vid003_high.mp4,65.71,27.75,61.02,41.69,5.85,60.0,25.85,96.83,HIGH
vid003_high.mp4,70.71,27.66,66.07,35.34,7.6,24.0,42.98,100.0,HIGH
vid003_high.mp4,75.71,29.45,66.51,56.87,6.96,144.0,32.2,97.21,HIGH
vid003_high.mp4,80.71,39.25,67.0,32.68,8.06,48.0,92.32,100.0,HIGH
vid003_high.mp4,85.71,35.04,57.39,33.36,9.21,24.0,72.98,100.0,HIGH
vid003_high.mp4,90.71,26.62,73.7,41.81,5.94,48.0,19.33,74.72,HIGH
vid003_high.mp4,95.71,23.65,69.44,32.9,9.62,48.0,80.49,100.0,HIGH
vid003_high.mp4,100.71,28.45,53.91,51.94,12.13,84.0,66.2,100.0,HIGH
vid003_high.mp4,105.71,36.78,50.25,45.22,8.25,108.0,32.33,97.74,HIGH
vid003_high.mp4,110.71,35.0,52.3,51.38,4.75,144.0,15.33,100.0,HIGH
vid003_high.mp4,115.71,37.71,51.4,41.67,6.5,48.0,25.11,86.31,HIGH
vid003_high.mp4,120.71,31.2,52.0,52.58,5.0,120.0,18.8,98.66,HIGH
vid003_high.mp4,125.71,29.92,52.19,51.95,8.63,132.0,41.73,100.0,HIGH
vid003_high.mp4,130.71,30.74,52.87,40.36,5.25,24.0,19.85,100.0,HIGH
vid003_high.mp4,135.71,31.16,50.76,39.86,2.75,60.0,14.06,86.78,HIGH
vid003_high.mp4,140.71,27.8,50.3,41.52,3.43,48.0,12.05,79.84,HIGH
vid003_high.mp4,145.71,23.9,52.23,39.04,6.33,60.0,37.8,94.94,HIGH
vid003_high.mp4,150.71,24.2,48.38,38.09,8.75,84.0,41.13,100.0,HIGH
vid003_high.mp4,155.71,25.66,53.5,53.14,7.31,132.0,21.89,99.1,HIGH
vid003_high.mp4,160.71,27.23,52.25,39.55,3.5,60.0,18.46,70.4,HIGH
vid003_high.mp4,165.71,21.47,52.33,42.88,5.87,48.0,19.71,78.81,HIGH
vid003_high.mp4,170.71,29.99,56.11,43.62,5.41,48.0,20.01,75.8,HIGH
vid003_high.mp4,175.71,30.8,55.02,34.61,2.79,24.0,8.68,68.18,HIGH
vid003_high.mp4,180.71,32.89,53.06,27.41,2.49,12.0,11.11,70.79,HIGH
vid003_high.mp4,185.71,31.78,55.21,36.65,6.76,36.0,22.77,85.88,HIGH
vid003_high.mp4,190.71,26.73,56.21,28.0,2.52,12.0,4.89,86.57,HIGH
vid003_high.mp4,195.71,24.35,53.75,28.92,3.93,12.0,27.05,78.39,HIGH
vid003_high.mp4,200.71,25.43,49.1,29.0,3.53,12.0,8.74,64.97,HIGH
vid003_high.mp4,205.71,23.25,47.54,26.52,5.64,12.0,39.07,82.92,HIGH
vid003_high.mp4,210.71,31.09,43.97,28.04,4.7,24.0,33.61,76.63,HIGH
vid003_high.mp4,215.71,30.88,44.4,24.12,2.92,12.0,7.03,78.43,HIGH
vid003_high.mp4,220.71,25.57,43.58,38.43,8.54,48.0,47.96,80.51,HIGH
vid003_high.mp4,225.71,24.68,41.47,31.29,4.55,12.0,48.57,76.96,HIGH
vid003_high.mp4,230.71,26.27,34.04,15.62,3.56,0.0,35.98,32.06,HIGH
vid003_high.mp4,235.71,38.93,52.55,35.25,30.23,72.0,79.43,82.4,HIGH
vid003_high.mp4,240.71,49.93,57.93,42.91,6.55,84.0,49.07,100.0,HIGH
vid003_high.mp4,245.71,48.68,58.54,42.83,11.79,48.0,57.62,100.0,HIGH
vid003_high.mp4,250.71,55.53,62.45,30.82,5.6,12.0,15.78,91.25,HIGH
vid003_high.mp4,255.71,55.14,58.04,28.29,6.69,24.0,76.85,87.92,HIGH
vid003_high.mp4,260.96,49.07,60.43,35.13,8.63,24.0,72.9,100.0,HIGH
vid003_high.mp4,265.96,36.91,58.65,47.63,13.13,132.0,55.51,100.0,HIGH
vid003_high.mp4,270.96,25.86,53.2,56.29,9.21,108.0,46.21,100.0,HIGH
vid003_high.mp4,275.96,24.83,50.2,43.89,5.55,84.0,18.0,98.31,HIGH
vid003_high.mp4,280.96,30.79,52.03,44.82,6.46,60.0,49.36,93.98,HIGH
vid003_high.mp4,285.96,23.77,49.1,44.86,7.68,72.0,60.48,100.0,HIGH
vid003_high.mp4,290.96,36.75,58.85,35.03,10.01,36.0,66.6,98.22,HIGH
vid004_high.mp4,0.0,4.97,7.48,9.97,4.0,12.0,66.33,59.27,HIGH
vid004_high.mp4,5.1,9.22,19.68,29.91,7.87,36.0,25.14,53.99,HIGH
vid004_high.mp4,10.23,12.16,18.45,34.31,11.47,60.0,50.64,62.82,HIGH
vid004_high.mp4,15.37,17.29,27.73,13.36,6.13,12.0,60.46,50.63,HIGH
vid004_high.mp4,20.5,25.37,23.33,29.36,8.11,48.0,34.44,81.74,HIGH
vid004_high.mp4,25.63,24.61,26.93,24.75,6.15,36.0,52.32,63.43,HIGH
vid004_high.mp4,30.77,10.13,24.94,24.26,5.56,24.0,24.62,56.47,HIGH
vid004_high.mp4,35.9,6.6,14.25,11.4,8.03,24.0,91.17,78.36,HIGH
vid004_high.mp4,41.03,15.99,18.83,24.2,3.91,0.0,8.56,39.08,HIGH
vid004_high.mp4,46.17,11.51,15.54,20.33,3.48,0.0,15.94,44.52,HIGH
vid004_high.mp4,51.3,16.29,22.76,27.36,18.22,24.0,100.0,100.0,HIGH
vid004_high.mp4,56.43,13.01,30.29,42.58,20.76,84.0,100.0,100.0,HIGH
vid004_high.mp4,61.57,23.12,13.06,19.05,5.33,24.0,43.34,70.46,HIGH
vid004_high.mp4,66.7,12.53,13.69,10.85,7.54,12.0,95.38,81.39,HIGH
vid004_high.mp4,71.83,10.0,21.09,19.43,7.62,0.0,49.21,49.88,HIGH
vid004_high.mp4,76.97,18.33,16.9,16.97,4.8,0.0,19.11,31.23,HIGH
vid004_high.mp4,82.1,29.69,15.06,10.93,5.24,0.0,12.52,17.42,HIGH
vid004_high.mp4,87.23,51.85,28.37,12.46,5.41,12.0,27.9,80.2,HIGH
vid004_high.mp4,92.37,54.1,25.16,24.82,3.55,0.0,22.58,37.71,HIGH
vid004_high.mp4,97.5,35.98,27.26,13.43,2.59,0.0,5.22,30.15,HIGH
vid004_high.mp4,102.63,16.7,16.45,17.58,6.09,0.0,24.86,33.93,HIGH
vid004_high.mp4,107.77,26.35,19.08,10.74,6.46,0.0,25.51,29.1,HIGH
vid004_high.mp4,112.9,24.18,27.88,4.48,1.16,0.0,11.18,11.07,HIGH
vid004_high.mp4,118.03,6.96,14.58,17.78,9.15,24.0,100.0,100.0,HIGH
vid004_high.mp4,123.17,10.43,21.36,15.09,2.36,0.0,21.16,30.78,HIGH
vid004_high.mp4,128.3,10.73,23.94,15.69,5.75,0.0,47.62,43.41,HIGH
vid004_high.mp4,133.43,12.45,22.14,12.4,4.24,0.0,10.42,27.39,HIGH
vid004_high.mp4,138.57,15.98,13.16,18.04,6.04,0.0,32.77,35.57,HIGH
vid004_high.mp4,143.7,8.51,14.49,21.03,12.02,36.0,100.0,100.0,HIGH
vid004_high.mp4,148.83,12.28,16.74,17.26,3.68,0.0,18.15,29.71,HIGH
vid004_high.mp4,153.97,7.68,21.18,11.07,3.58,0.0,56.0,48.73,HIGH
vid004_high.mp4,159.1,8.41,22.93,16.05,9.23,0.0,54.56,47.67,HIGH
vid004_high.mp4,164.23,11.11,15.69,18.31,4.71,0.0,22.53,34.36,HIGH
vid004_high.mp4,169.37,12.31,14.17,22.23,13.4,24.0,70.28,64.85,HIGH
vid004_high.mp4,174.5,16.73,17.66,26.83,16.59,36.0,100.0,100.0,HIGH
vid004_high.mp4,179.63,19.57,21.24,18.48,6.51,12.0,34.58,50.95,HIGH
vid004_high.mp4,184.77,21.31,20.42,17.84,4.57,0.0,13.24,37.15,HIGH
vid004_high.mp4,189.9,26.26,21.13,19.4,12.23,24.0,100.0,100.0,HIGH
vid004_high.mp4,195.03,19.49,22.83,25.33,13.36,24.0,100.0,100.0,HIGH
vid004_high.mp4,200.17,21.55,24.07,22.73,8.86,24.0,41.51,58.22,HIGH
vid004_high.mp4,205.3,30.0,24.42,8.75,2.56,12.0,13.74,54.58,HIGH
vid004_high.mp4,210.43,72.21,32.54,51.03,34.14,84.0,100.0,100.0,HIGH
vid004_high.mp4,215.57,32.3,21.37,25.03,7.74,12.0,50.31,59.13,HIGH
vid004_high.mp4,220.7,10.92,17.76,18.58,7.07,0.0,25.86,40.88,HIGH
vid004_high.mp4,225.83,21.6,25.1,25.18,8.22,48.0,53.11,66.1,HIGH
vid004_high.mp4,230.97,11.41,24.0,9.76,2.01,12.0,24.62,64.06,HIGH
vid004_high.mp4,236.1,13.36,23.38,21.47,6.35,0.0,21.9,44.87,HIGH
vid004_high.mp4,241.23,15.47,29.04,30.55,14.91,36.0,100.0,100.0,HIGH
vid004_high.mp4,246.37,13.88,20.75,23.9,11.23,24.0,61.86,59.35,HIGH
vid004_high.mp4,251.5,12.5,22.2,14.81,2.64,0.0,10.83,29.69,HIGH
vid004_high.mp4,256.63,17.76,28.04,9.82,1.78,0.0,11.77,30.31,HIGH
vid004_high.mp4,261.77,17.47,21.09,8.48,8.12,0.0,31.72,25.64,HIGH
vid004_high.mp4,266.9,12.17,21.33,12.92,10.46,24.0,100.0,100.0,HIGH
vid004_high.mp4,272.03,12.61,45.56,41.49,22.24,108.0,87.47,96.35,HIGH
vid004_high.mp4,277.17,14.18,48.48,42.01,15.81,96.0,82.51,100.0,HIGH
vid004_high.mp4,282.3,14.27,46.51,37.25,18.6,72.0,100.0,100.0,HIGH
vid004_high.mp4,287.43,9.25,37.75,18.96,3.19,0.0,11.46,37.04,HIGH
vid004_high.mp4,292.57,14.26,48.09,43.69,15.18,108.0,53.79,100.0,HIGH
vid005_high.mp4,0.0,27.1,13.17,24.33,18.8,48.0,100.0,100.0,HIGH
vid005_high.mp4,5.1,48.68,16.9,39.37,25.14,48.0,100.0,100.0,HIGH
vid005_high.mp4,10.23,45.72,15.25,33.99,18.93,48.0,100.0,94.35,HIGH
vid005_high.mp4,15.37,36.76,13.73,29.21,21.37,24.0,74.65,68.52,HIGH
vid005_high.mp4,20.5,29.11,17.22,25.06,17.53,24.0,100.0,100.0,HIGH
vid005_high.mp4,25.63,36.58,30.19,35.9,33.54,72.0,100.0,100.0,HIGH
vid005_high.mp4,30.77,47.36,13.99,30.27,19.94,24.0,100.0,100.0,HIGH
vid005_high.mp4,35.9,37.62,19.85,42.7,37.15,72.0,100.0,100.0,HIGH
vid005_high.mp4,41.03,59.04,14.4,20.44,14.54,24.0,100.0,100.0,HIGH
vid005_high.mp4,46.17,62.32,18.21,41.41,29.08,108.0,100.0,100.0,HIGH
vid005_high.mp4,51.3,62.57,9.68,28.63,19.36,36.0,100.0,100.0,HIGH
vid005_high.mp4,56.43,56.63,10.8,20.38,10.66,0.0,41.14,36.71,HIGH
vid005_high.mp4,61.57,57.71,19.78,39.44,26.03,48.0,100.0,100.0,HIGH
vid005_high.mp4,66.7,15.51,29.55,33.37,19.04,48.0,100.0,100.0,HIGH
vid006_high.mp4,0.0,51.42,93.73,3.34,1.51,0.0,14.58,14.48,HIGH
vid006_high.mp4,5.12,68.56,73.92,18.73,13.25,36.0,100.0,100.0,HIGH
vid006_high.mp4,10.27,79.9,61.39,16.79,1.9,12.0,4.04,57.76,HIGH
vid006_high.mp4,15.42,80.71,52.32,30.85,3.16,12.0,28.91,100.0,HIGH
vid006_high.mp4,20.58,80.69,42.87,22.06,2.16,12.0,7.86,100.0,HIGH
vid006_high.mp4,25.73,77.0,49.44,20.98,4.8,12.0,36.77,100.0,HIGH
vid006_high.mp4,30.88,76.74,50.57,24.31,2.21,24.0,15.4,64.4,HIGH
vid006_high.mp4,36.03,84.45,54.54,20.96,2.03,24.0,10.64,74.97,HIGH
vid006_high.mp4,41.19,77.92,56.3,27.39,2.88,36.0,20.8,77.52,HIGH
vid006_high.mp4,46.34,67.01,60.63,16.71,1.47,0.0,2.9,22.27,HIGH
vid006_high.mp4,51.49,67.88,51.68,20.25,3.69,24.0,26.02,54.07,HIGH
vid006_high.mp4,56.64,68.49,49.43,24.02,2.99,36.0,13.84,63.45,HIGH
vid006_high.mp4,61.8,75.75,54.73,13.81,0.89,0.0,2.72,26.82,HIGH
vid006_high.mp4,66.95,79.02,54.04,20.58,1.82,12.0,9.92,100.0,HIGH
vid006_high.mp4,72.1,81.35,53.18,30.54,2.7,24.0,7.19,80.4,HIGH
vid006_high.mp4,77.26,74.2,60.73,41.64,10.04,36.0,77.56,100.0,HIGH
vid006_high.mp4,82.41,69.01,49.45,53.61,12.35,108.0,83.67,100.0,HIGH
vid006_high.mp4,87.56,83.06,39.74,14.13,3.7,12.0,26.23,90.26,HIGH
vid006_high.mp4,92.71,81.19,42.78,24.65,4.1,24.0,40.91,99.4,HIGH
vid006_high.mp4,97.87,71.16,48.35,40.17,3.61,48.0,7.09,86.49,HIGH
vid006_high.mp4,103.02,67.0,47.74,31.76,18.34,48.0,100.0,100.0,HIGH
vid006_high.mp4,108.17,66.49,57.46,16.53,1.89,0.0,15.12,45.21,HIGH
vid006_high.mp4,113.32,65.0,51.87,21.3,3.05,12.0,51.54,100.0,HIGH
vid006_high.mp4,118.48,63.88,46.23,26.48,5.34,12.0,28.21,52.28,HIGH
vid006_high.mp4,123.63,52.9,50.52,33.56,4.04,0.0,12.12,48.54,HIGH
vid006_high.mp4,128.78,59.81,51.17,27.19,3.44,12.0,15.45,58.54,HIGH
vid007_high.mp4,0.0,31.4,89.67,15.58,12.55,12.0,100.0,100.0,HIGH
vid007_high.mp4,5.1,62.71,68.86,18.53,11.42,24.0,100.0,100.0,HIGH
vid007_high.mp4,10.23,81.4,48.35,45.53,2.3,120.0,12.91,79.34,HIGH
vid007_high.mp4,15.37,83.84,46.81,54.22,7.98,84.0,34.6,100.0,HIGH
vid007_high.mp4,20.5,88.5,50.65,40.41,1.72,12.0,5.01,100.0,HIGH
vid007_high.mp4,25.63,80.78,53.56,43.67,9.15,72.0,57.77,99.46,HIGH
vid007_high.mp4,30.77,79.91,49.96,47.55,6.3,60.0,62.74,100.0,HIGH
vid007_high.mp4,35.9,72.29,47.13,38.51,3.99,36.0,31.47,100.0,HIGH
vid007_high.mp4,41.03,83.67,49.2,44.44,8.41,72.0,37.33,100.0,HIGH
vid007_high.mp4,46.17,72.45,51.6,37.34,2.47,12.0,17.76,100.0,HIGH
vid007_high.mp4,51.3,84.63,46.89,43.63,7.1,72.0,50.11,100.0,HIGH
vid007_high.mp4,56.43,80.85,49.8,46.09,7.19,72.0,100.0,100.0,HIGH
vid007_high.mp4,61.57,69.73,60.3,44.88,3.9,60.0,22.56,67.19,HIGH
vid007_high.mp4,66.7,77.59,47.43,55.5,10.83,108.0,56.28,100.0,HIGH
vid007_high.mp4,71.83,82.81,45.71,46.98,2.29,108.0,6.01,100.0,HIGH
vid007_high.mp4,76.97,84.53,43.31,34.57,4.27,48.0,36.31,100.0,HIGH
vid007_high.mp4,82.1,79.61,41.87,47.09,1.07,96.0,2.79,85.71,HIGH
vid007_high.mp4,87.23,74.01,40.88,36.21,16.43,108.0,100.0,100.0,HIGH
vid007_high.mp4,92.37,81.7,46.39,55.31,4.06,144.0,32.69,100.0,HIGH
vid007_high.mp4,97.5,88.46,50.18,47.86,6.13,60.0,37.24,100.0,HIGH
vid007_high.mp4,102.63,78.03,55.23,48.53,12.52,72.0,61.48,100.0,HIGH
vid007_high.mp4,107.77,75.94,45.84,51.74,5.96,72.0,36.17,100.0,HIGH
vid007_high.mp4,112.9,81.1,48.77,48.57,9.02,72.0,44.07,100.0,HIGH
vid007_high.mp4,118.03,72.14,49.64,48.51,8.16,60.0,56.59,100.0,HIGH
vid007_high.mp4,123.17,89.43,47.74,42.44,2.47,48.0,10.65,100.0,HIGH
vid007_high.mp4,128.3,69.18,58.1,50.0,8.66,108.0,100.0,100.0,HIGH
vid007_high.mp4,133.43,77.22,46.82,51.8,11.9,96.0,55.22,100.0,HIGH
vid007_high.mp4,138.57,84.53,44.88,56.83,5.52,144.0,39.39,100.0,HIGH
vid007_high.mp4,143.7,80.47,41.16,50.13,1.07,144.0,3.19,84.47,HIGH
vid007_high.mp4,148.83,62.11,28.9,26.5,19.47,60.0,100.0,100.0,HIGH
vid007_high.mp4,153.97,68.06,41.18,28.1,1.49,0.0,7.3,47.66,HIGH
vid007_high.mp4,159.1,48.35,40.45,32.34,5.11,36.0,29.2,71.71,HIGH
vid007_high.mp4,164.23,34.33,40.66,27.14,0.5,0.0,1.84,33.51,HIGH
vid007_high.mp4,169.37,32.32,41.82,22.4,4.17,24.0,35.65,66.78,HIGH
vid007_high.mp4,174.5,38.1,40.37,27.45,4.47,36.0,26.6,69.62,HIGH
vid007_high.mp4,179.63,54.35,38.64,25.62,0.28,0.0,0.79,31.12,HIGH
vid007_high.mp4,184.77,44.32,47.54,30.7,6.82,48.0,46.56,79.16,HIGH
vid007_high.mp4,189.9,41.21,54.71,22.62,5.65,12.0,75.09,83.66,HIGH
vid007_high.mp4,195.03,35.67,39.24,28.08,3.84,12.0,22.27,61.16,HIGH
vid007_high.mp4,200.17,51.75,41.34,25.11,3.53,12.0,30.6,100.0,HIGH
vid007_high.mp4,205.3,66.3,36.85,31.71,8.41,60.0,50.93,98.53,HIGH
vid007_high.mp4,210.43,56.53,31.59,36.69,10.77,72.0,53.19,100.0,HIGH
vid007_high.mp4,215.57,65.09,38.28,52.55,7.53,132.0,66.0,100.0,HIGH
vid007_high.mp4,220.7,66.76,31.75,31.1,7.02,36.0,100.0,100.0,HIGH
vid007_high.mp4,225.83,52.63,30.71,36.17,9.63,24.0,50.7,73.76,HIGH
vid007_high.mp4,230.97,77.01,69.11,17.45,9.47,12.0,100.0,100.0,HIGH
vid007_high.mp4,236.1,89.09,58.39,14.16,2.42,12.0,10.41,61.5,HIGH
vid007_high.mp4,241.23,87.32,56.09,14.16,0.96,0.0,2.36,24.01,HIGH
vid007_high.mp4,246.37,79.78,52.9,43.25,8.84,48.0,79.64,100.0,HIGH
vid007_high.mp4,251.5,79.83,50.9,22.34,1.1,24.0,11.3,100.0,HIGH
vid007_high.mp4,256.63,83.09,52.0,37.76,0.81,24.0,1.79,100.0,HIGH
vid007_high.mp4,261.77,80.39,53.54,29.5,1.91,48.0,16.14,100.0,HIGH
vid007_high.mp4,266.9,77.27,51.08,36.97,2.5,36.0,32.99,100.0,HIGH
vid007_high.mp4,272.03,76.18,52.11,45.51,1.87,72.0,12.26,100.0,HIGH
vid007_high.mp4,277.17,75.83,53.91,33.91,5.17,24.0,66.36,100.0,HIGH
vid007_high.mp4,282.3,74.66,57.48,51.11,4.8,108.0,49.54,100.0,HIGH
vid007_high.mp4,287.43,77.5,50.88,45.78,2.58,72.0,14.84,100.0,HIGH
vid007_high.mp4,292.57,78.78,52.59,31.74,1.94,0.0,6.15,45.5,HIGH
vid008_high.mp4,0.0,31.01,89.9,14.98,12.72,12.0,100.0,100.0,HIGH
vid008_high.mp4,5.1,61.22,68.7,23.75,12.54,24.0,100.0,100.0,HIGH
vid008_high.mp4,10.23,80.17,46.75,22.78,6.96,24.0,41.73,100.0,HIGH
vid008_high.mp4,15.37,76.22,50.07,13.82,1.11,0.0,2.45,26.85,HIGH
vid008_high.mp4,20.5,79.05,52.43,28.13,2.71,48.0,18.9,77.56,HIGH
vid008_high.mp4,25.63,83.63,54.62,15.69,1.24,0.0,5.53,31.7,HIGH
vid008_high.mp4,30.77,72.16,58.46,26.62,3.12,36.0,15.2,78.28,HIGH
vid008_high.mp4,35.9,67.47,59.61,22.3,2.69,24.0,23.35,54.08,HIGH
vid008_high.mp4,41.03,67.9,48.59,16.75,2.19,0.0,10.14,43.83,HIGH
vid008_high.mp4,46.17,71.26,51.22,21.93,2.74,24.0,16.24,63.45,HIGH
vid008_high.mp4,51.3,75.84,54.5,14.53,0.74,0.0,2.85,19.62,HIGH
vid008_high.mp4,56.43,80.65,53.17,25.25,2.57,12.0,11.27,100.0,HIGH
vid008_high.mp4,61.57,82.51,54.64,35.75,7.76,60.0,78.68,100.0,HIGH
vid008_high.mp4,66.7,69.04,60.54,42.94,6.61,36.0,54.3,100.0,HIGH
vid008_high.mp4,71.83,74.69,44.02,43.15,11.01,72.0,69.51,100.0,HIGH
vid008_high.mp4,76.97,83.66,39.51,13.37,2.6,12.0,24.79,89.35,HIGH
vid008_high.mp4,82.1,77.77,44.79,28.54,3.67,24.0,41.18,100.0,HIGH
vid008_high.mp4,87.23,71.78,47.67,39.66,4.5,48.0,23.01,79.64,HIGH
vid008_high.mp4,92.37,79.19,48.39,19.4,2.47,12.0,9.05,100.0,HIGH
vid008_high.mp4,97.5,78.14,46.96,25.12,7.07,24.0,38.48,100.0,HIGH
vid008_high.mp4,102.63,76.25,50.1,20.24,1.2,0.0,2.63,26.62,HIGH
vid008_high.mp4,107.77,82.62,53.74,26.07,3.13,48.0,15.58,75.13,HIGH
vid008_high.mp4,112.9,82.8,54.22,26.03,2.05,36.0,18.27,78.0,HIGH
vid008_high.mp4,118.03,67.31,60.66,18.01,2.18,12.0,13.37,54.77,HIGH
vid008_high.mp4,123.17,67.91,55.12,20.35,3.67,24.0,23.76,52.93,HIGH
vid008_high.mp4,128.3,67.83,48.78,15.47,1.4,0.0,4.92,31.67,HIGH
vid008_high.mp4,133.43,74.35,53.45,22.64,2.44,36.0,19.04,65.36,HIGH
vid008_high.mp4,138.57,77.41,54.09,18.87,1.36,12.0,9.8,100.0,HIGH
vid008_high.mp4,143.7,81.12,52.89,26.51,2.43,12.0,6.38,50.71,HIGH
vid008_high.mp4,148.83,78.74,58.17,39.14,10.57,48.0,75.92,100.0,HIGH
vid008_high.mp4,153.97,65.92,56.79,45.7,3.28,48.0,36.07,100.0,HIGH
vid008_high.mp4,159.1,81.63,38.72,29.32,11.53,60.0,84.01,100.0,HIGH
vid008_high.mp4,164.23,84.41,39.85,20.89,4.2,36.0,39.57,97.82,HIGH
vid008_high.mp4,169.37,72.65,47.44,34.19,3.4,0.0,6.83,48.8,HIGH
vid008_high.mp4,174.5,74.37,47.48,36.82,5.27,60.0,14.95,100.0,HIGH
vid008_high.mp4,179.63,80.46,46.15,19.52,4.04,12.0,41.33,100.0,HIGH
vid008_high.mp4,184.77,76.41,50.28,19.85,4.79,12.0,42.48,100.0,HIGH
vid008_high.mp4,189.9,77.37,51.23,27.68,2.2,48.0,18.93,76.53,HIGH
vid008_high.mp4,195.03,84.89,54.29,15.64,1.65,0.0,7.64,33.8,HIGH
vid008_high.mp4,200.17,76.31,56.96,27.62,3.13,36.0,16.04,79.08,HIGH
vid008_high.mp4,205.3,67.19,60.41,17.15,1.02,0.0,2.93,22.23,HIGH
vid008_high.mp4,210.43,67.93,50.49,20.18,3.65,24.0,23.24,54.74,HIGH
vid008_high.mp4,215.57,69.43,49.85,24.38,3.02,24.0,16.26,63.52,HIGH
vid008_high.mp4,220.7,75.77,54.56,13.39,0.82,0.0,3.1,20.31,HIGH
vid008_high.mp4,225.83,79.6,53.64,21.11,1.98,12.0,11.36,100.0,HIGH
vid008_high.mp4,230.97,81.38,52.67,32.55,2.61,24.0,7.12,80.48,HIGH
vid008_high.mp4,236.1,73.32,61.35,42.03,10.67,48.0,78.5,100.0,HIGH
vid008_high.mp4,241.23,71.32,48.0,50.95,11.39,84.0,69.51,100.0,HIGH
vid008_high.mp4,246.37,82.98,39.68,15.13,3.9,12.0,24.64,89.35,HIGH
vid008_high.mp4,251.5,80.69,42.85,22.87,3.25,24.0,41.36,100.0,HIGH
vid008_high.mp4,256.63,71.61,47.66,38.66,3.26,24.0,13.4,79.33,HIGH
vid008_high.mp4,261.77,77.05,47.93,26.1,3.99,36.0,23.32,100.0,HIGH
vid008_high.mp4,266.9,79.41,46.98,23.43,7.05,24.0,39.45,100.0,HIGH
vid008_high.mp4,272.03,76.34,50.01,18.64,1.27,0.0,2.42,25.49,HIGH
vid008_high.mp4,277.17,80.69,52.93,26.97,2.85,48.0,11.57,75.54,HIGH
vid008_high.mp4,282.3,84.59,54.18,17.37,1.29,0.0,5.9,31.87,HIGH
vid008_high.mp4,287.43,69.62,59.34,26.48,2.9,48.0,19.96,76.71,HIGH
vid008_high.mp4,292.57,67.69,57.82,22.52,4.03,24.0,25.96,52.26,HIGH
vid009_high.mp4,0.0,51.84,42.53,50.32,13.94,108.0,100.0,100.0,HIGH
vid009_high.mp4,5.11,44.89,50.67,64.73,15.57,156.0,67.61,100.0,HIGH
vid009_high.mp4,10.24,53.37,53.55,62.37,23.16,168.0,86.3,100.0,HIGH
vid009_high.mp4,15.38,54.34,59.87,45.52,21.93,84.0,100.0,100.0,HIGH
vid009_high.mp4,20.52,41.43,53.65,12.88,3.09,0.0,18.24,37.11,HIGH
vid009_high.mp4,25.66,38.83,49.0,36.25,17.46,36.0,48.9,76.02,HIGH
vid009_high.mp4,30.8,37.06,45.68,12.02,4.43,12.0,58.01,57.12,HIGH
vid009_high.mp4,35.94,34.25,43.78,33.06,9.28,36.0,47.28,67.92,HIGH
vid009_high.mp4,41.07,31.49,37.79,32.87,1.59,0.0,6.91,46.89,HIGH
vid009_high.mp4,46.21,32.85,38.65,27.9,2.35,12.0,29.56,50.47,HIGH
vid009_high.mp4,51.35,32.16,40.7,20.53,6.05,0.0,16.15,34.58,HIGH
vid009_high.mp4,56.49,29.42,41.15,24.03,7.2,12.0,30.09,54.01,HIGH
vid009_high.mp4,61.63,29.1,40.1,15.56,3.09,0.0,11.38,39.29,HIGH
vid009_high.mp4,66.77,31.67,43.45,13.34,3.07,12.0,27.19,57.02,HIGH
vid009_high.mp4,71.91,36.0,47.34,22.82,4.02,0.0,11.8,30.85,HIGH
vid009_high.mp4,77.04,31.88,47.99,25.15,4.5,0.0,11.08,37.16,HIGH
vid009_high.mp4,82.18,34.49,46.1,27.2,6.13,12.0,15.66,54.39,HIGH
vid009_high.mp4,87.32,32.67,51.71,25.43,7.51,0.0,23.13,42.57,HIGH
vid009_high.mp4,92.46,42.74,60.53,33.55,8.55,36.0,27.12,61.62,HIGH
vid009_high.mp4,97.6,44.93,63.85,18.38,1.81,36.0,13.46,71.36,HIGH
vid009_high.mp4,102.74,43.83,63.48,27.82,5.22,72.0,36.12,79.12,HIGH
vid009_high.mp4,107.87,44.93,62.44,38.91,6.86,24.0,28.1,76.8,HIGH
vid009_high.mp4,113.01,25.71,64.4,20.48,4.66,36.0,23.94,59.66,HIGH
vid009_high.mp4,118.15,30.72,66.6,10.77,2.83,12.0,14.61,50.96,HIGH
vid009_high.mp4,123.29,27.16,65.95,17.95,3.05,0.0,8.13,43.61,HIGH
vid009_high.mp4,128.43,22.84,65.35,19.89,2.67,24.0,17.07,54.47,HIGH
vid009_high.mp4,133.57,26.79,64.5,15.6,2.78,0.0,10.0,37.42,HIGH
vid009_high.mp4,138.71,31.5,67.24,18.44,3.68,36.0,19.06,70.84,HIGH
vid009_high.mp4,143.84,25.49,64.53,31.66,7.11,36.0,18.95,58.18,HIGH
vid009_high.mp4,148.98,29.09,60.16,22.41,5.66,36.0,32.92,99.55,HIGH
vid009_high.mp4,154.12,29.94,51.79,23.68,4.92,12.0,32.39,54.09,HIGH
vid009_high.mp4,159.26,34.92,52.23,35.91,6.4,60.0,21.06,74.86,HIGH
vid009_high.mp4,164.4,22.93,56.46,27.0,9.29,36.0,23.56,58.86,HIGH
vid009_high.mp4,169.54,23.88,63.75,24.93,3.7,36.0,21.84,67.38,HIGH
vid009_high.mp4,174.67,20.65,58.6,30.29,7.89,48.0,29.52,77.26,HIGH
vid009_high.mp4,179.81,22.72,60.39,44.8,9.15,96.0,38.71,91.18,HIGH
vid009_high.mp4,184.95,23.47,57.67,21.64,6.11,24.0,22.86,61.48,HIGH
vid009_high.mp4,190.09,21.07,61.31,31.34,5.29,48.0,27.92,69.5,HIGH
vid009_high.mp4,195.23,29.71,58.09,36.35,8.39,48.0,51.67,100.0,HIGH
vid009_high.mp4,200.37,37.07,48.48,30.22,12.12,36.0,63.73,72.44,HIGH
vid009_high.mp4,205.51,38.27,63.46,33.41,8.3,96.0,32.1,76.6,HIGH
vid009_high.mp4,210.64,47.22,63.8,22.72,3.53,36.0,24.22,75.27,HIGH
vid009_high.mp4,215.78,46.01,66.39,46.01,10.21,144.0,29.64,82.64,HIGH
vid009_high.mp4,220.92,28.75,47.49,39.97,13.82,84.0,94.33,86.79,HIGH
vid009_high.mp4,226.06,26.15,46.89,48.39,13.02,144.0,31.42,83.43,HIGH
vid009_high.mp4,231.2,41.46,48.51,23.64,14.22,48.0,68.6,90.03,HIGH
vid009_high.mp4,236.34,36.43,50.35,27.96,7.88,36.0,27.06,67.22,HIGH
vid009_high.mp4,241.47,42.38,49.53,31.02,5.42,0.0,21.8,40.06,HIGH
vid009_high.mp4,246.61,37.16,48.94,31.38,4.55,0.0,13.36,47.22,HIGH
vid009_high.mp4,251.75,23.38,51.98,37.84,12.25,84.0,64.78,76.35,HIGH
vid009_high.mp4,256.89,23.14,59.11,3.35,0.64,0.0,4.22,19.3,HIGH
vid009_high.mp4,262.03,23.06,58.85,1.65,0.14,0.0,0.84,15.83,HIGH
vid009_high.mp4,267.17,20.8,59.37,5.52,0.31,0.0,2.09,22.75,HIGH
vid009_high.mp4,272.31,20.54,59.33,1.29,0.46,0.0,6.19,19.11,HIGH
vid009_high.mp4,277.44,27.45,56.46,23.38,5.26,12.0,22.29,50.81,HIGH
vid009_high.mp4,282.58,28.18,56.51,9.87,2.21,0.0,12.69,40.12,HIGH
vid009_high.mp4,287.72,27.71,51.56,45.33,15.09,84.0,43.51,97.39,HIGH
vid009_high.mp4,292.86,39.15,48.81,29.34,7.05,12.0,31.96,54.61,HIGH
vid010_high.mp4,0.0,59.0,61.55,12.74,1.4,12.0,8.0,50.27,HIGH
vid010_high.mp4,5.11,64.01,59.81,12.91,1.88,12.0,9.27,69.07,HIGH
vid010_high.mp4,10.24,58.11,59.33,44.09,6.07,108.0,33.73,100.0,HIGH
vid010_high.mp4,15.38,57.7,60.32,30.9,5.98,12.0,24.76,100.0,HIGH
vid010_high.mp4,20.52,54.68,64.77,27.85,9.22,24.0,42.45,50.39,HIGH
vid010_high.mp4,25.66,57.05,62.54,22.45,2.08,24.0,12.64,98.38,HIGH
vid010_high.mp4,30.8,65.35,59.69,17.3,2.37,12.0,8.74,61.15,HIGH
vid010_high.mp4,35.94,64.16,62.04,19.94,7.78,24.0,75.21,100.0,HIGH
vid010_high.mp4,41.07,75.61,64.68,40.69,7.08,96.0,52.43,100.0,HIGH
vid010_high.mp4,46.21,56.0,58.2,17.68,1.67,0.0,9.81,42.06,HIGH
vid010_high.mp4,51.35,54.19,57.6,14.25,1.73,0.0,10.92,37.15,HIGH
vid010_high.mp4,56.49,60.56,56.93,32.73,1.71,24.0,6.38,79.16,HIGH
vid010_high.mp4,61.63,55.46,43.8,25.47,14.34,48.0,100.0,100.0,HIGH
vid010_high.mp4,66.77,64.98,56.75,23.36,6.79,12.0,100.0,100.0,HIGH
vid010_high.mp4,71.91,48.69,27.9,8.48,6.0,12.0,83.59,70.63,HIGH
vid010_high.mp4,77.04,60.89,54.38,37.5,11.98,36.0,84.18,100.0,HIGH
vid010_high.mp4,82.18,56.65,53.27,27.23,3.99,48.0,23.85,60.31,HIGH
vid010_high.mp4,87.32,48.37,49.61,24.34,6.54,48.0,43.69,60.07,HIGH
vid010_high.mp4,92.46,61.43,54.18,28.98,3.54,12.0,10.68,72.77,HIGH
vid010_high.mp4,97.6,62.85,49.34,35.28,8.16,60.0,74.27,100.0,HIGH
vid010_high.mp4,102.74,62.0,56.04,32.05,2.99,24.0,8.64,56.5,HIGH
vid010_high.mp4,107.87,61.12,54.99,34.28,2.3,48.0,8.4,63.78,HIGH
vid010_high.mp4,113.01,59.49,57.06,30.16,2.17,36.0,12.24,71.28,HIGH
vid010_high.mp4,118.15,53.04,54.18,16.1,2.09,0.0,6.76,44.62,HIGH
vid010_high.mp4,123.29,49.71,52.66,16.32,2.63,12.0,11.48,53.41,HIGH
vid010_high.mp4,128.43,56.43,45.43,12.73,8.42,24.0,84.38,93.12,HIGH
vid010_high.mp4,133.57,58.51,41.88,32.92,14.27,48.0,100.0,100.0,HIGH
vid010_high.mp4,138.71,65.85,56.12,19.6,19.84,48.0,100.0,94.75,HIGH
vid010_high.mp4,143.84,63.85,58.35,18.72,1.24,0.0,3.51,42.15,HIGH
vid010_high.mp4,148.98,61.66,58.5,23.29,2.61,12.0,13.25,51.01,HIGH
vid010_high.mp4,154.12,59.18,56.55,12.04,0.76,0.0,3.57,44.78,HIGH
vid010_high.mp4,159.26,56.41,56.98,27.64,2.48,12.0,11.86,54.95,HIGH
vid010_high.mp4,164.4,57.86,58.12,24.81,1.61,0.0,7.97,39.87,HIGH
vid010_high.mp4,169.54,53.38,58.59,9.64,1.32,0.0,4.9,27.83,HIGH
vid010_high.mp4,174.67,45.68,31.06,13.61,8.74,24.0,88.65,75.54,HIGH
vid010_high.mp4,179.81,55.25,45.54,35.85,26.67,84.0,100.0,100.0,HIGH
vid010_high.mp4,184.95,54.18,50.52,30.13,18.63,60.0,100.0,100.0,HIGH
vid010_high.mp4,190.09,49.17,45.12,26.76,7.55,24.0,70.29,100.0,HIGH
vid010_high.mp4,195.23,46.55,42.27,9.68,0.97,0.0,6.71,33.6,HIGH
vid010_high.mp4,200.37,48.26,46.23,17.6,5.4,24.0,56.72,100.0,HIGH
vid010_high.mp4,205.51,54.42,56.22,31.17,9.73,48.0,88.54,100.0,HIGH
vid010_high.mp4,210.64,55.16,58.41,34.08,1.78,72.0,7.71,79.02,HIGH
vid010_high.mp4,215.78,60.01,58.68,30.34,2.85,0.0,10.08,48.91,HIGH
vid010_high.mp4,220.92,53.69,41.75,17.5,7.11,12.0,82.18,100.0,HIGH
vid010_high.mp4,226.06,54.44,43.11,5.2,0.66,0.0,2.57,17.49,HIGH
vid010_high.mp4,231.2,54.28,43.46,1.83,0.4,0.0,1.52,5.63,HIGH
vid010_high.mp4,236.34,59.94,49.26,10.68,4.27,12.0,68.76,100.0,HIGH
vid010_high.mp4,241.47,58.87,53.36,20.94,8.65,24.0,100.0,100.0,HIGH
vid010_high.mp4,246.61,57.61,56.55,30.7,3.42,60.0,38.44,100.0,HIGH
vid010_high.mp4,251.75,59.15,57.87,27.06,1.58,24.0,9.48,52.59,HIGH
vid010_high.mp4,256.89,58.34,59.81,27.93,2.45,12.0,7.81,57.24,HIGH
vid010_high.mp4,262.03,45.16,33.7,18.59,11.02,36.0,100.0,100.0,HIGH
vid010_high.mp4,267.17,34.73,18.41,3.12,1.41,0.0,21.04,25.15,HIGH
vid010_high.mp4,272.31,58.69,52.12,16.86,13.4,48.0,100.0,100.0,HIGH
vid010_high.mp4,277.44,53.08,42.33,14.16,10.03,36.0,100.0,100.0,HIGH
vid010_high.mp4,282.58,54.71,47.52,18.29,5.2,36.0,31.31,100.0,HIGH
vid010_high.mp4,287.72,58.86,52.45,32.1,10.5,84.0,79.64,100.0,HIGH
vid010_high.mp4,292.86,54.52,57.34,21.06,2.95,36.0,29.21,65.52,HIGH
vid011_high.mp4,0.0,41.64,40.46,44.1,7.1,96.0,67.7,100.0,HIGH
vid011_high.mp4,5.11,51.28,38.51,51.18,15.02,120.0,63.19,100.0,HIGH
vid011_high.mp4,10.24,39.03,40.39,43.57,16.0,84.0,100.0,100.0,HIGH
vid011_high.mp4,15.38,60.42,40.92,52.38,9.3,120.0,77.44,100.0,HIGH
vid011_high.mp4,20.52,61.14,42.09,57.68,14.8,120.0,92.98,100.0,HIGH
vid011_high.mp4,25.66,55.35,34.06,50.53,18.84,120.0,100.0,100.0,HIGH
vid011_high.mp4,30.8,34.57,22.07,37.38,18.26,72.0,70.31,99.33,HIGH
vid011_high.mp4,35.94,35.08,21.19,1.27,0.33,0.0,2.07,6.9,HIGH
vid011_high.mp4,41.07,33.35,25.27,37.36,13.84,96.0,40.96,100.0,HIGH
vid011_high.mp4,46.21,31.24,25.58,11.71,3.52,36.0,14.95,60.29,HIGH
vid011_high.mp4,51.35,33.88,27.55,2.58,0.31,0.0,1.1,9.32,HIGH
vid011_high.mp4,56.49,36.82,29.54,17.59,3.79,24.0,32.52,66.83,HIGH
vid011_high.mp4,61.63,38.24,26.02,19.77,14.34,36.0,82.58,71.07,HIGH
vid011_high.mp4,66.77,45.5,28.49,14.44,2.8,36.0,23.97,68.77,HIGH
vid011_high.mp4,71.91,48.49,25.41,8.63,1.72,12.0,14.34,58.54,HIGH
vid011_high.mp4,77.04,49.14,24.79,3.2,0.65,0.0,3.48,10.39,HIGH
vid011_high.mp4,82.18,45.53,23.94,6.78,3.98,0.0,36.68,36.86,HIGH
vid011_high.mp4,87.32,45.33,21.95,6.88,4.29,0.0,37.56,32.55,HIGH
vid011_high.mp4,92.46,46.92,37.13,24.02,5.87,12.0,68.05,91.46,HIGH
vid011_high.mp4,97.6,39.46,45.18,24.86,3.07,0.0,16.2,48.99,HIGH
vid011_high.mp4,102.74,36.12,55.33,43.26,31.59,120.0,100.0,100.0,HIGH
vid011_high.mp4,107.87,58.05,45.31,51.88,26.67,96.0,100.0,100.0,HIGH
vid011_high.mp4,113.01,68.16,38.87,24.18,2.9,0.0,8.01,38.74,HIGH
vid011_high.mp4,118.15,66.97,40.7,14.65,2.68,0.0,11.11,36.04,HIGH
vid011_high.mp4,123.29,70.24,39.78,7.05,1.16,0.0,11.42,33.83,HIGH
vid011_high.mp4,128.43,62.36,42.76,31.29,4.41,12.0,18.22,57.3,HIGH
vid011_high.mp4,133.57,61.82,41.43,28.48,4.3,0.0,17.14,43.66,HIGH
vid011_high.mp4,138.71,67.08,41.63,25.23,2.53,0.0,6.65,42.75,HIGH
vid011_high.mp4,143.84,64.95,40.6,27.51,3.03,0.0,20.53,38.3,HIGH
vid011_high.mp4,148.98,57.52,41.06,32.3,3.86,12.0,16.99,73.31,HIGH
vid011_high.mp4,154.12,38.38,44.63,30.29,5.8,60.0,52.84,92.97,HIGH
vid011_high.mp4,159.26,55.37,36.6,15.78,2.25,0.0,10.27,25.94,HIGH
vid011_high.mp4,164.4,42.58,39.08,6.8,1.76,12.0,24.69,76.38,HIGH
vid011_high.mp4,169.54,44.9,42.33,16.26,1.23,0.0,9.21,46.89,HIGH
vid011_high.mp4,174.67,45.78,42.36,4.16,0.79,0.0,4.79,14.7,HIGH
vid011_high.mp4,179.81,37.83,43.34,21.44,4.04,36.0,27.73,92.12,HIGH
vid011_high.mp4,184.95,54.58,39.01,39.02,5.45,72.0,25.68,100.0,HIGH
vid011_high.mp4,190.09,68.54,35.45,33.92,3.63,12.0,8.28,63.38,HIGH
vid011_high.mp4,195.23,64.47,34.63,44.12,7.67,84.0,25.8,65.26,HIGH
vid011_high.mp4,200.37,46.1,35.01,42.53,10.65,60.0,35.59,69.47,HIGH
vid011_high.mp4,205.51,52.42,36.47,41.75,6.27,60.0,19.08,60.17,HIGH
vid011_high.mp4,210.64,38.1,27.06,42.21,8.49,60.0,22.07,62.09,HIGH
vid011_high.mp4,215.78,41.53,28.87,3.5,1.14,0.0,17.91,33.69,HIGH
vid011_high.mp4,220.92,42.44,28.9,3.48,0.91,0.0,5.05,13.39,HIGH
vid011_high.mp4,226.06,42.41,28.21,4.58,0.74,0.0,3.04,12.16,HIGH
vid011_high.mp4,231.2,41.46,28.36,7.64,1.0,0.0,4.36,32.56,HIGH
vid011_high.mp4,236.34,44.94,28.2,29.27,5.45,12.0,35.42,58.5,HIGH
vid011_high.mp4,241.47,42.38,37.6,51.14,17.34,144.0,68.15,100.0,HIGH
vid011_high.mp4,246.61,37.93,49.75,51.04,17.03,168.0,56.26,88.7,HIGH
vid011_high.mp4,251.75,46.39,35.65,41.05,10.86,60.0,38.45,80.15,HIGH
vid011_high.mp4,256.89,74.66,40.68,20.88,1.87,0.0,5.31,40.69,HIGH
vid011_high.mp4,262.03,75.34,41.53,9.81,1.28,12.0,8.39,54.57,HIGH
vid011_high.mp4,267.17,75.18,39.18,9.05,1.66,0.0,20.47,25.23,HIGH
vid011_high.mp4,272.31,77.24,38.32,19.32,3.22,12.0,25.37,72.92,HIGH
vid011_high.mp4,277.44,66.74,42.52,24.94,3.18,0.0,16.07,44.89,HIGH
vid011_high.mp4,282.58,65.8,39.54,24.75,3.61,12.0,20.64,57.21,HIGH
vid011_high.mp4,287.72,65.77,36.82,17.31,1.82,0.0,10.27,48.5,HIGH
vid011_high.mp4,292.86,63.9,37.11,2.13,0.58,0.0,5.41,8.99,HIGH
vid012_high.mp4,0.0,32.69,50.12,69.06,31.63,180.0,100.0,100.0,HIGH
vid012_high.mp4,5.11,56.48,51.75,69.11,21.04,192.0,100.0,100.0,HIGH
vid012_high.mp4,10.24,53.27,43.73,68.93,24.93,204.0,100.0,100.0,HIGH
vid012_high.mp4,15.38,40.09,58.32,59.57,25.37,144.0,100.0,100.0,HIGH
vid012_high.mp4,20.52,56.22,40.55,34.92,9.71,24.0,100.0,100.0,HIGH
vid012_high.mp4,25.66,65.4,31.45,18.21,4.27,0.0,17.62,37.64,HIGH
vid012_high.mp4,30.8,56.24,34.95,36.85,15.05,72.0,41.81,83.51,HIGH
vid012_high.mp4,35.94,40.71,38.57,4.74,0.51,0.0,2.42,39.67,HIGH
vid012_high.mp4,41.07,41.26,38.42,2.81,1.19,0.0,5.26,8.39,HIGH
vid012_high.mp4,46.21,40.48,38.17,3.86,1.52,0.0,11.09,15.83,HIGH
vid012_high.mp4,51.35,46.18,35.58,12.11,1.7,12.0,11.91,62.28,HIGH
vid012_high.mp4,56.49,44.47,36.25,20.4,11.83,48.0,99.86,84.96,HIGH
vid012_high.mp4,61.63,42.67,37.58,6.6,1.76,12.0,11.43,53.02,HIGH
vid012_high.mp4,66.77,52.98,33.11,12.06,2.18,0.0,14.99,41.45,HIGH
vid012_high.mp4,71.91,60.38,32.6,21.18,6.77,0.0,30.91,41.0,HIGH
vid012_high.mp4,77.04,72.78,30.92,4.11,1.21,0.0,7.4,18.63,HIGH
vid012_high.mp4,82.18,48.8,41.63,33.65,13.21,72.0,70.8,100.0,HIGH
vid012_high.mp4,87.32,48.77,44.6,36.51,16.88,84.0,91.91,92.39,HIGH
vid012_high.mp4,92.46,70.57,31.75,18.62,5.36,24.0,25.05,63.87,HIGH
vid012_high.mp4,97.6,72.8,28.39,12.63,3.24,0.0,10.32,31.39,HIGH
vid012_high.mp4,102.74,72.73,27.3,0.95,0.25,0.0,0.63,2.7,HIGH
vid012_high.mp4,107.87,63.16,32.77,21.02,7.17,12.0,64.59,66.03,HIGH
vid012_high.mp4,113.01,56.27,35.49,32.41,11.4,60.0,66.58,97.76,HIGH
vid012_high.mp4,118.15,57.35,35.86,19.83,7.57,36.0,50.68,85.09,HIGH
vid012_high.mp4,123.29,52.12,37.35,49.42,17.3,132.0,48.11,87.23,HIGH
vid012_high.mp4,128.43,46.75,37.99,39.88,12.08,120.0,43.42,70.03,HIGH
vid012_high.mp4,133.57,55.68,34.43,35.85,10.11,72.0,22.88,66.52,HIGH
vid012_high.mp4,138.71,36.43,36.51,6.11,1.22,0.0,8.13,31.76,HIGH
vid012_high.mp4,143.84,39.97,35.64,10.23,1.16,0.0,3.99,41.46,HIGH
vid012_high.mp4,148.98,43.13,34.36,10.96,1.7,12.0,9.67,64.63,HIGH
vid012_high.mp4,154.12,64.33,30.24,17.22,4.52,0.0,14.73,35.19,HIGH
vid012_high.mp4,159.26,68.33,31.36,7.98,1.89,0.0,9.2,31.76,HIGH
vid012_high.mp4,164.4,67.75,30.72,13.38,2.22,0.0,8.91,30.33,HIGH
vid012_high.mp4,169.54,66.8,31.49,16.61,2.89,0.0,14.66,48.54,HIGH
vid012_high.mp4,174.67,43.17,46.07,28.79,8.93,72.0,60.7,88.86,HIGH
vid012_high.mp4,179.81,38.0,53.89,15.52,2.82,36.0,23.94,79.37,HIGH
vid012_high.mp4,184.95,27.27,51.86,42.92,16.65,120.0,100.0,100.0,HIGH
vid012_high.mp4,190.09,44.01,37.96,33.77,17.83,60.0,99.33,84.43,HIGH
vid012_high.mp4,195.23,72.32,27.73,8.32,1.43,0.0,4.7,16.47,HIGH
vid012_high.mp4,200.37,65.43,28.47,21.48,9.97,36.0,66.29,83.43,HIGH
vid012_high.mp4,205.51,64.58,30.46,19.17,4.88,0.0,18.16,33.98,HIGH
vid012_high.mp4,210.64,56.39,34.28,18.64,4.68,0.0,20.45,38.63,HIGH
vid012_high.mp4,215.78,59.06,31.82,13.31,4.18,24.0,36.2,85.77,HIGH
vid012_high.mp4,220.92,58.0,33.6,23.14,10.24,60.0,57.3,87.36,HIGH
vid012_high.mp4,226.06,66.33,28.94,17.46,3.62,0.0,13.22,32.74,HIGH
vid012_high.mp4,231.2,65.64,23.24,9.58,6.62,0.0,34.8,27.96,HIGH
vid012_high.mp4,236.34,63.64,24.86,10.37,6.6,0.0,39.23,46.3,HIGH
vid012_high.mp4,241.47,49.0,35.84,11.86,2.65,0.0,12.13,48.74,HIGH
vid012_high.mp4,246.61,47.54,36.22,1.38,0.5,0.0,3.53,4.96,HIGH
vid012_high.mp4,251.75,44.51,31.77,8.46,8.99,24.0,66.93,56.74,HIGH
vid012_high.mp4,256.89,56.78,31.96,14.35,4.23,12.0,18.99,56.34,HIGH
vid012_high.mp4,262.03,60.89,31.37,16.71,2.22,0.0,9.91,40.23,HIGH
vid012_high.mp4,267.17,53.51,35.0,26.43,7.66,24.0,35.88,59.01,HIGH
vid012_high.mp4,272.31,53.24,35.12,12.75,2.14,0.0,12.28,34.36,HIGH
vid012_high.mp4,277.44,54.43,34.6,19.49,4.63,24.0,27.8,60.71,HIGH
vid012_high.mp4,282.58,51.36,35.72,12.48,3.33,0.0,15.41,44.45,HIGH
vid012_high.mp4,287.72,51.56,35.32,6.76,2.33,0.0,15.06,20.24,HIGH
vid012_high.mp4,292.86,51.08,34.01,5.12,0.99,12.0,13.86,56.17,HIGH
vid013_high.mp4,0.0,80.8,54.26,9.06,1.84,12.0,12.23,57.84,HIGH
vid013_high.mp4,5.11,38.46,55.65,43.88,5.38,60.0,37.64,100.0,HIGH
vid013_high.mp4,10.24,39.39,57.15,48.57,12.21,84.0,66.17,100.0,HIGH
vid013_high.mp4,15.38,38.4,54.87,49.18,14.89,96.0,100.0,100.0,HIGH
vid013_high.mp4,20.52,46.84,50.42,57.21,15.07,96.0,74.7,100.0,HIGH
vid013_high.mp4,25.66,57.34,46.54,44.28,10.67,48.0,82.43,100.0,HIGH
vid013_high.mp4,30.8,52.3,45.09,38.36,2.77,24.0,8.41,74.67,HIGH
vid013_high.mp4,35.94,52.18,57.82,43.46,4.65,48.0,27.87,100.0,HIGH
vid013_high.mp4,41.07,43.65,48.23,59.12,13.34,156.0,83.31,100.0,HIGH
vid013_high.mp4,46.21,47.33,48.31,47.8,7.51,84.0,33.61,100.0,HIGH
vid013_high.mp4,51.35,38.79,51.35,52.64,16.88,96.0,72.49,100.0,HIGH
vid013_high.mp4,56.49,29.81,54.51,26.56,11.08,24.0,94.7,100.0,HIGH
vid013_high.mp4,61.63,35.39,48.18,35.37,12.63,24.0,67.55,100.0,HIGH
vid013_high.mp4,66.77,38.8,51.1,40.52,18.37,60.0,100.0,100.0,HIGH
vid013_high.mp4,71.91,44.3,44.36,54.35,5.74,108.0,28.18,100.0,HIGH
vid013_high.mp4,77.04,41.6,48.13,50.35,8.19,96.0,34.88,100.0,HIGH
vid013_high.mp4,82.18,35.95,53.66,54.14,12.4,120.0,49.2,100.0,HIGH
vid013_high.mp4,87.32,29.49,51.97,47.74,12.02,96.0,68.4,100.0,HIGH
vid013_high.mp4,92.46,33.35,48.14,48.14,4.52,108.0,24.9,100.0,HIGH
vid013_high.mp4,97.6,35.39,49.17,54.56,7.75,120.0,28.54,100.0,HIGH
vid013_high.mp4,102.74,37.71,51.22,36.3,7.65,72.0,55.78,100.0,HIGH
vid013_high.mp4,107.87,33.67,44.71,52.72,8.39,132.0,47.12,100.0,HIGH
vid013_high.mp4,113.01,30.36,50.12,37.66,11.51,72.0,95.54,100.0,HIGH
vid013_high.mp4,118.15,30.77,52.68,50.6,11.72,108.0,38.13,100.0,HIGH
vid013_high.mp4,123.29,40.04,48.74,48.14,5.69,132.0,26.61,100.0,HIGH
vid013_high.mp4,128.43,36.99,50.61,58.36,8.39,132.0,53.05,100.0,HIGH
vid013_high.mp4,133.57,21.48,50.49,74.4,18.81,228.0,67.15,100.0,HIGH
vid013_high.mp4,138.71,19.65,50.69,49.42,7.16,84.0,40.23,100.0,HIGH
vid013_high.mp4,143.84,33.78,52.73,54.27,6.69,108.0,34.26,100.0,HIGH
vid013_high.mp4,148.98,30.95,54.66,52.84,6.01,120.0,39.8,100.0,HIGH
vid013_high.mp4,154.12,27.71,59.13,44.35,8.8,96.0,70.76,100.0,HIGH
vid013_high.mp4,159.26,29.4,59.41,57.09,13.52,144.0,94.32,100.0,HIGH
vid013_high.mp4,164.4,25.57,50.31,52.66,9.81,108.0,55.69,100.0,HIGH
vid013_high.mp4,169.54,29.08,50.86,47.84,7.33,84.0,34.57,100.0,HIGH
vid013_high.mp4,174.67,28.07,49.09,48.48,4.96,132.0,21.64,100.0,HIGH
vid013_high.mp4,179.81,28.45,54.55,45.97,12.22,96.0,74.37,100.0,HIGH
vid013_high.mp4,184.95,29.52,48.26,42.97,5.05,72.0,36.73,100.0,HIGH
vid013_high.mp4,190.09,34.34,49.03,58.41,11.18,132.0,72.25,100.0,HIGH
vid013_high.mp4,195.23,35.1,46.32,60.21,10.11,156.0,45.98,100.0,HIGH
vid013_high.mp4,200.37,32.34,47.23,51.75,7.66,96.0,21.46,100.0,HIGH
vid013_high.mp4,205.51,30.62,49.1,38.28,4.99,48.0,34.48,100.0,HIGH
vid013_high.mp4,210.64,28.22,52.22,47.63,13.64,96.0,99.71,100.0,HIGH
vid013_high.mp4,215.78,26.39,48.92,26.22,1.45,36.0,6.9,96.9,HIGH
vid013_high.mp4,220.92,32.06,53.4,41.61,5.53,48.0,33.96,100.0,HIGH
vid013_high.mp4,226.06,27.46,52.72,51.14,12.07,108.0,94.34,100.0,HIGH
vid013_high.mp4,231.2,27.43,54.0,41.25,9.3,60.0,68.72,100.0,HIGH
vid013_high.mp4,236.34,30.53,48.29,47.86,7.47,96.0,28.71,100.0,HIGH
vid013_high.mp4,241.47,25.98,48.81,44.7,6.26,72.0,35.9,100.0,HIGH
vid013_high.mp4,246.61,32.42,49.12,38.86,10.76,84.0,38.28,100.0,HIGH
vid013_high.mp4,251.75,32.66,44.0,36.06,8.58,60.0,58.51,100.0,HIGH
vid013_high.mp4,256.89,34.15,51.11,39.88,9.76,60.0,70.41,100.0,HIGH
vid013_high.mp4,262.03,36.5,47.18,45.0,5.42,96.0,30.68,100.0,HIGH
vid013_high.mp4,267.17,40.58,45.62,37.25,3.65,60.0,24.03,100.0,HIGH
vid013_high.mp4,272.31,44.43,44.72,42.77,5.46,84.0,28.03,100.0,HIGH
vid013_high.mp4,277.44,38.57,44.82,45.02,5.4,108.0,30.86,100.0,HIGH
vid013_high.mp4,282.58,25.6,50.64,26.61,8.15,36.0,78.14,100.0,HIGH
vid013_high.mp4,287.72,23.26,53.88,44.75,8.62,84.0,26.85,100.0,HIGH
vid013_high.mp4,292.86,28.9,50.4,45.26,5.03,108.0,39.17,100.0,HIGH
vid014_high.mp4,0.0,79.39,54.44,12.76,3.69,24.0,45.15,100.0,HIGH
vid014_high.mp4,5.11,48.95,64.9,12.94,4.29,12.0,26.5,100.0,HIGH
vid014_high.mp4,10.24,31.46,68.8,46.34,10.64,96.0,37.45,100.0,HIGH
vid014_high.mp4,15.38,30.22,66.1,48.51,9.12,108.0,32.99,100.0,HIGH
vid014_high.mp4,20.52,38.56,64.67,29.06,4.88,24.0,26.76,92.36,HIGH
vid014_high.mp4,25.66,35.21,64.57,22.99,4.88,36.0,14.21,61.86,HIGH
vid014_high.mp4,30.8,59.11,61.95,27.67,2.27,24.0,16.39,100.0,HIGH
vid014_high.mp4,35.94,35.47,65.61,44.09,9.57,72.0,77.98,100.0,HIGH
vid014_high.mp4,41.07,46.3,59.83,42.26,8.51,60.0,54.4,100.0,HIGH
vid014_high.mp4,46.21,38.53,60.25,44.24,5.44,60.0,11.92,100.0,HIGH
vid014_high.mp4,51.35,42.94,60.21,47.34,5.93,96.0,12.67,73.4,HIGH
vid014_high.mp4,56.49,49.05,60.27,45.85,10.57,72.0,47.58,100.0,HIGH
vid014_high.mp4,61.63,43.75,60.85,44.24,5.24,72.0,14.36,72.46,HIGH
vid014_high.mp4,66.77,45.01,61.88,46.29,7.16,96.0,22.64,100.0,HIGH
vid014_high.mp4,71.91,35.76,61.04,41.25,4.76,24.0,14.26,60.64,HIGH
vid014_high.mp4,77.04,36.17,60.5,51.99,12.83,144.0,29.99,75.9,HIGH
vid014_high.mp4,82.18,51.51,58.53,67.9,11.27,204.0,71.35,100.0,HIGH
vid014_high.mp4,87.32,44.25,62.1,54.86,5.76,156.0,16.92,100.0,HIGH
vid014_high.mp4,92.46,45.01,63.77,36.71,10.76,120.0,63.21,100.0,HIGH
vid014_high.mp4,97.6,49.6,59.59,66.9,10.8,216.0,43.0,100.0,HIGH
vid014_high.mp4,102.74,44.3,60.4,65.27,12.39,216.0,73.57,100.0,HIGH
vid014_high.mp4,107.87,51.18,60.37,28.54,7.02,36.0,25.56,100.0,HIGH
vid014_high.mp4,113.01,48.72,60.08,44.79,8.53,36.0,63.55,100.0,HIGH
vid014_high.mp4,118.15,50.97,59.53,52.9,10.49,132.0,49.82,100.0,HIGH
vid014_high.mp4,123.29,42.64,60.83,41.8,6.23,60.0,15.05,100.0,HIGH
vid014_high.mp4,128.43,48.87,60.06,40.18,11.42,96.0,31.24,100.0,HIGH
vid014_high.mp4,133.57,54.72,62.53,53.4,11.08,132.0,50.94,100.0,HIGH
vid014_high.mp4,138.71,49.11,63.84,37.45,4.34,48.0,23.72,100.0,HIGH
vid014_high.mp4,143.84,51.97,60.8,45.73,8.16,84.0,28.02,100.0,HIGH
vid014_high.mp4,148.98,46.11,62.49,41.42,4.74,36.0,24.73,100.0,HIGH
vid014_high.mp4,154.12,47.72,56.81,54.41,10.01,168.0,47.87,100.0,HIGH
vid014_high.mp4,159.26,41.65,64.0,37.11,8.53,48.0,29.04,100.0,HIGH
vid014_high.mp4,164.4,44.02,63.72,50.86,9.23,120.0,67.05,100.0,HIGH
vid014_high.mp4,169.54,65.87,63.8,38.15,10.23,96.0,46.59,100.0,HIGH
vid014_high.mp4,174.67,49.04,65.52,40.48,10.47,48.0,84.03,100.0,HIGH
vid014_high.mp4,179.81,52.22,72.95,42.01,15.16,60.0,85.19,100.0,HIGH
vid014_high.mp4,184.95,35.95,80.73,22.9,10.9,24.0,71.8,97.77,HIGH
vid014_high.mp4,190.09,43.65,75.77,37.26,10.77,48.0,68.6,100.0,HIGH
vid014_high.mp4,195.23,36.89,78.51,58.24,8.98,156.0,34.16,100.0,HIGH
vid014_high.mp4,200.37,52.94,65.92,55.53,11.19,132.0,67.41,100.0,HIGH
vid014_high.mp4,205.51,43.83,77.74,55.1,11.67,144.0,78.19,100.0,HIGH
vid014_high.mp4,210.64,34.19,69.22,44.88,11.17,48.0,100.0,100.0,HIGH
vid014_high.mp4,215.78,30.39,60.44,49.8,13.39,96.0,48.28,100.0,HIGH
vid014_high.mp4,220.92,38.25,64.34,44.7,8.41,60.0,42.95,100.0,HIGH
vid014_high.mp4,226.06,48.59,65.69,46.44,5.55,120.0,37.92,100.0,HIGH
vid014_high.mp4,231.2,36.46,72.4,39.19,15.59,48.0,100.0,100.0,HIGH
vid014_high.mp4,236.34,38.17,65.92,57.34,5.37,204.0,32.34,100.0,HIGH
vid014_high.mp4,241.47,24.72,75.46,41.72,6.5,72.0,43.43,100.0,HIGH
vid014_high.mp4,246.61,46.89,75.49,44.99,17.55,72.0,100.0,100.0,HIGH
vid014_high.mp4,251.75,31.89,75.81,34.05,9.05,72.0,68.42,85.46,HIGH
vid014_high.mp4,256.89,27.7,68.92,35.26,5.42,84.0,38.1,87.9,HIGH
vid014_high.mp4,262.03,37.45,69.98,61.03,12.23,192.0,55.43,100.0,HIGH
vid014_high.mp4,267.17,39.05,70.13,64.4,11.13,168.0,59.44,100.0,HIGH
vid014_high.mp4,272.31,40.32,70.53,50.71,13.08,72.0,49.71,100.0,HIGH
vid014_high.mp4,277.44,49.8,66.71,43.4,10.79,72.0,100.0,100.0,HIGH
vid014_high.mp4,282.58,34.14,70.63,62.84,13.1,180.0,58.56,100.0,HIGH
vid014_high.mp4,287.72,32.82,69.18,41.36,7.28,72.0,45.3,100.0,HIGH
vid014_high.mp4,292.86,45.35,58.13,64.82,16.78,144.0,94.15,100.0,HIGH
vid015_high.mp4,0.0,74.63,53.35,15.19,3.72,24.0,26.34,100.0,HIGH
vid015_high.mp4,5.0,28.04,53.6,33.41,6.39,72.0,30.38,100.0,HIGH
vid015_high.mp4,10.04,29.96,60.47,38.54,6.58,48.0,65.82,100.0,HIGH
vid015_high.mp4,15.08,35.66,54.02,41.9,4.74,96.0,43.09,100.0,HIGH
vid015_high.mp4,20.12,39.52,52.49,57.62,9.85,144.0,54.32,100.0,HIGH
vid015_high.mp4,25.16,22.28,58.68,40.28,9.38,72.0,41.36,100.0,HIGH
vid015_high.mp4,30.2,40.42,51.86,55.3,3.83,144.0,31.32,100.0,HIGH
vid015_high.mp4,35.24,40.84,47.7,53.12,8.96,144.0,68.83,100.0,HIGH
vid015_high.mp4,40.28,30.21,51.71,39.8,4.71,36.0,45.54,100.0,HIGH
vid015_high.mp4,45.32,34.61,57.26,46.19,6.74,96.0,51.93,100.0,HIGH
vid015_high.mp4,50.36,32.15,55.72,48.28,8.53,72.0,29.1,100.0,HIGH
vid015_high.mp4,55.4,38.53,54.85,55.76,9.63,156.0,72.87,100.0,HIGH
vid015_high.mp4,60.44,44.34,52.61,33.19,6.61,48.0,27.87,90.59,HIGH
vid015_high.mp4,65.48,28.01,58.21,37.03,9.72,48.0,55.2,100.0,HIGH
vid015_high.mp4,70.52,34.63,56.31,28.8,9.02,60.0,77.41,100.0,HIGH
vid015_high.mp4,75.56,30.07,64.64,38.59,11.83,60.0,100.0,100.0,HIGH
vid015_high.mp4,80.6,31.76,62.92,33.88,5.45,24.0,29.78,91.57,HIGH
vid015_high.mp4,85.64,20.37,68.03,37.37,13.31,72.0,56.0,96.0,HIGH
vid015_high.mp4,90.68,32.28,55.83,43.27,8.07,108.0,62.93,100.0,HIGH
vid015_high.mp4,95.72,54.69,48.62,56.46,13.54,144.0,100.0,100.0,HIGH
vid015_high.mp4,100.76,36.37,53.89,29.41,5.78,60.0,34.59,94.92,HIGH
vid015_high.mp4,105.8,21.39,56.34,43.43,6.0,72.0,20.32,100.0,HIGH
vid015_high.mp4,110.84,18.11,58.79,36.83,8.74,84.0,29.61,100.0,HIGH
vid015_high.mp4,115.88,35.35,56.81,45.24,15.62,72.0,88.79,100.0,HIGH
vid015_high.mp4,120.92,31.91,60.75,32.41,9.8,60.0,67.35,100.0,HIGH
vid015_high.mp4,125.96,72.74,45.13,29.69,5.47,12.0,56.32,100.0,HIGH
vid015_high.mp4,131.0,61.52,43.9,22.95,3.09,24.0,20.66,100.0,HIGH
vid015_high.mp4,136.04,44.01,47.75,31.72,9.5,36.0,43.47,100.0,HIGH
vid015_high.mp4,141.08,41.67,49.29,32.37,9.3,60.0,86.87,100.0,HIGH
vid015_high.mp4,146.12,42.82,50.67,22.4,6.99,24.0,49.37,100.0,HIGH
vid015_high.mp4,151.16,48.23,49.79,43.87,11.18,60.0,62.6,100.0,HIGH
vid015_high.mp4,156.2,52.88,53.75,36.46,9.03,48.0,51.94,100.0,HIGH
vid015_high.mp4,161.24,49.35,50.11,55.64,9.26,120.0,41.14,100.0,HIGH
vid015_high.mp4,166.28,51.76,56.3,43.11,10.67,72.0,100.0,100.0,HIGH
vid015_high.mp4,171.32,53.96,48.89,31.69,8.63,36.0,62.92,100.0,HIGH
vid015_high.mp4,176.36,50.85,47.86,47.52,6.65,96.0,27.39,100.0,HIGH
vid015_high.mp4,181.4,39.36,61.54,45.98,9.6,60.0,100.0,100.0,HIGH
vid015_high.mp4,186.44,49.69,53.44,41.56,4.88,48.0,43.35,100.0,HIGH
vid015_high.mp4,191.48,43.11,52.75,37.21,7.85,36.0,81.07,100.0,HIGH
vid015_high.mp4,196.52,33.58,52.32,40.46,6.95,72.0,38.95,100.0,HIGH
vid015_high.mp4,201.56,52.45,47.97,54.35,22.14,108.0,98.29,100.0,HIGH
vid015_high.mp4,206.6,26.75,52.92,26.04,2.05,24.0,10.49,73.77,HIGH
vid015_high.mp4,211.64,39.85,56.13,42.92,5.2,48.0,30.17,100.0,HIGH
vid015_high.mp4,216.68,42.69,53.5,39.07,15.13,48.0,70.63,100.0,HIGH
vid015_high.mp4,221.72,38.65,55.46,36.01,7.63,24.0,57.92,100.0,HIGH
vid015_high.mp4,226.76,45.41,52.19,46.57,8.09,48.0,24.7,100.0,HIGH
vid015_high.mp4,231.8,43.55,50.9,39.66,9.41,48.0,67.6,100.0,HIGH
vid015_high.mp4,236.84,35.08,56.49,33.96,6.61,60.0,36.98,100.0,HIGH
vid015_high.mp4,241.88,51.24,50.13,38.74,5.29,60.0,24.22,100.0,HIGH
vid015_high.mp4,246.92,49.07,53.78,39.0,10.62,60.0,86.43,100.0,HIGH
vid015_high.mp4,251.96,45.74,46.81,42.97,5.47,60.0,24.4,100.0,HIGH
vid015_high.mp4,257.0,56.26,38.99,35.96,9.79,36.0,49.59,100.0,HIGH
vid015_high.mp4,262.04,50.35,41.52,56.42,8.35,144.0,39.59,100.0,HIGH
vid015_high.mp4,267.08,71.11,31.33,44.82,8.06,84.0,59.2,100.0,HIGH
vid015_high.mp4,272.12,82.68,29.32,33.68,9.97,36.0,80.36,96.19,HIGH
vid015_high.mp4,277.16,34.39,56.65,35.62,11.93,84.0,100.0,100.0,HIGH
vid015_high.mp4,282.2,54.1,47.99,40.84,5.04,48.0,40.66,100.0,HIGH
vid015_high.mp4,287.24,58.0,44.34,48.81,6.83,96.0,29.45,100.0,HIGH
vid015_high.mp4,292.28,59.25,43.08,46.16,7.2,72.0,21.41,100.0,HIGH
vid016_high.mp4,0.0,78.38,19.57,7.37,1.83,0.0,8.59,15.3,HIGH
vid016_high.mp4,5.21,64.45,36.11,23.97,7.9,60.0,58.3,77.31,HIGH
vid016_high.mp4,10.21,69.24,36.15,28.04,6.67,72.0,34.97,100.0,HIGH
vid016_high.mp4,15.21,72.44,53.01,10.34,5.43,12.0,100.0,100.0,HIGH
vid016_high.mp4,20.46,65.24,56.45,15.78,5.41,24.0,66.84,100.0,HIGH
vid016_high.mp4,25.46,70.53,61.8,15.7,2.11,12.0,21.27,100.0,HIGH
vid016_high.mp4,30.46,83.46,42.13,17.16,14.79,24.0,100.0,100.0,HIGH
vid016_high.mp4,35.46,41.42,52.18,14.92,6.97,12.0,100.0,100.0,HIGH
vid016_high.mp4,40.46,63.32,47.66,9.29,4.51,12.0,59.31,100.0,HIGH
vid016_high.mp4,45.46,64.56,53.65,17.65,7.52,24.0,77.59,100.0,HIGH
vid016_high.mp4,50.46,56.97,43.48,10.28,4.69,12.0,43.47,100.0,HIGH
vid016_high.mp4,55.46,65.0,43.18,16.15,3.18,24.0,25.44,100.0,HIGH
vid016_high.mp4,60.46,42.53,43.98,7.9,2.04,12.0,35.5,87.41,HIGH
vid016_high.mp4,65.71,58.14,38.57,14.31,6.05,24.0,57.62,100.0,HIGH
vid016_high.mp4,70.71,57.79,39.16,9.87,7.55,12.0,99.83,100.0,HIGH
vid016_high.mp4,75.71,46.09,44.48,24.41,11.6,24.0,96.61,100.0,HIGH
vid016_high.mp4,80.71,75.13,54.16,12.15,5.6,12.0,87.27,100.0,HIGH
vid016_high.mp4,85.71,61.85,42.29,11.88,2.26,24.0,18.99,100.0,HIGH
vid016_high.mp4,90.71,72.31,42.46,8.74,3.18,12.0,26.41,100.0,HIGH
vid016_high.mp4,95.71,60.25,41.59,12.3,3.81,24.0,31.12,100.0,HIGH
vid016_high.mp4,100.71,50.63,43.47,9.24,3.76,12.0,51.46,100.0,HIGH
vid016_high.mp4,105.71,63.43,49.43,15.3,2.55,24.0,9.77,100.0,HIGH
vid016_high.mp4,110.71,57.47,48.35,11.76,1.24,12.0,17.2,96.58,HIGH
vid016_high.mp4,115.71,63.43,46.65,17.54,3.99,24.0,39.73,100.0,HIGH
vid016_high.mp4,120.71,61.88,43.89,18.45,3.32,12.0,28.17,100.0,HIGH
vid016_high.mp4,125.71,46.53,49.76,34.66,4.46,24.0,42.49,100.0,HIGH
vid016_high.mp4,130.71,62.11,48.87,21.35,9.85,24.0,95.8,100.0,HIGH
vid016_high.mp4,135.71,67.2,54.83,8.85,5.18,12.0,100.0,100.0,HIGH
vid016_high.mp4,140.71,57.33,43.76,14.67,3.15,24.0,48.73,100.0,HIGH
vid016_high.mp4,145.71,67.35,52.55,5.39,0.19,0.0,0.44,13.77,HIGH
vid016_high.mp4,150.71,54.57,42.21,15.16,12.73,24.0,100.0,100.0,HIGH
vid016_high.mp4,155.71,72.53,49.06,9.17,5.92,12.0,100.0,100.0,HIGH
vid016_high.mp4,160.71,39.17,25.99,12.3,10.37,24.0,100.0,100.0,HIGH
vid016_high.mp4,165.71,68.71,39.63,13.7,3.17,12.0,20.2,100.0,HIGH
vid016_high.mp4,170.71,71.66,39.77,16.46,7.85,24.0,82.76,100.0,HIGH
vid016_high.mp4,175.71,57.37,49.65,12.71,7.05,24.0,90.04,100.0,HIGH
vid016_high.mp4,180.71,54.2,47.39,11.37,3.13,12.0,44.84,100.0,HIGH
vid016_high.mp4,185.71,48.55,39.2,22.95,10.3,24.0,100.0,100.0,HIGH
vid016_high.mp4,190.71,49.07,52.82,12.4,4.88,12.0,51.45,93.56,HIGH
vid016_high.mp4,195.71,49.46,43.66,24.37,3.76,24.0,24.91,100.0,HIGH
vid016_high.mp4,200.71,56.93,48.27,7.98,1.46,12.0,24.76,100.0,HIGH
vid016_high.mp4,205.71,39.45,44.12,13.29,6.99,24.0,55.8,100.0,HIGH
vid016_high.mp4,210.71,48.05,45.96,10.3,0.5,24.0,5.26,100.0,HIGH
vid016_high.mp4,215.71,52.26,43.3,11.98,4.28,12.0,47.73,100.0,HIGH
vid016_high.mp4,220.71,52.52,49.74,16.05,8.48,24.0,66.53,100.0,HIGH
vid016_high.mp4,225.71,46.61,58.34,7.9,3.65,12.0,63.9,100.0,HIGH
vid016_high.mp4,230.71,42.79,51.36,2.88,0.19,0.0,0.37,4.32,HIGH
vid016_high.mp4,235.71,44.7,45.77,27.59,3.77,72.0,13.99,84.87,HIGH
vid016_high.mp4,240.71,50.68,46.43,3.85,0.54,0.0,5.49,11.78,HIGH
vid016_high.mp4,245.71,47.85,41.65,13.75,9.37,12.0,100.0,97.78,HIGH
vid016_high.mp4,250.71,34.92,16.32,3.12,1.76,0.0,13.8,13.55,HIGH
vid016_high.mp4,255.71,34.96,17.57,1.75,0.17,0.0,1.16,13.9,HIGH
vid016_high.mp4,260.96,35.25,19.37,3.68,1.3,0.0,10.77,13.82,HIGH
vid016_high.mp4,265.96,35.91,21.19,4.46,1.31,0.0,19.63,29.12,HIGH
vid016_high.mp4,270.96,38.32,24.38,2.22,0.72,0.0,7.34,12.76,HIGH
vid016_high.mp4,275.96,38.49,24.62,1.08,0.12,0.0,0.32,2.14,HIGH
vid016_high.mp4,280.96,38.68,27.03,5.94,2.75,0.0,31.18,29.85,HIGH
vid016_high.mp4,285.96,38.1,27.99,4.31,0.57,0.0,3.46,20.93,HIGH
vid016_high.mp4,290.96,38.58,29.67,0.48,0.54,0.0,5.94,4.4,HIGH
vid017_high.mp4,0.0,46.54,7.08,8.86,2.32,0.0,8.86,19.12,HIGH
vid017_high.mp4,5.21,28.63,4.74,3.49,4.4,0.0,21.76,17.85,HIGH
vid017_high.mp4,10.21,66.89,59.22,33.48,17.61,48.0,71.51,63.6,HIGH
vid017_high.mp4,15.21,76.76,58.21,35.5,11.81,48.0,80.87,100.0,HIGH
vid017_high.mp4,20.46,73.87,46.57,32.78,10.1,60.0,62.43,100.0,HIGH
vid017_high.mp4,25.46,71.87,47.87,32.13,8.2,24.0,59.56,100.0,HIGH
vid017_high.mp4,30.46,70.38,51.12,24.58,5.82,24.0,37.97,100.0,HIGH
vid017_high.mp4,35.46,67.2,56.8,17.98,4.52,12.0,49.5,100.0,HIGH
vid017_high.mp4,40.46,71.35,49.96,17.16,4.72,12.0,28.36,100.0,HIGH
vid017_high.mp4,45.46,70.49,53.19,12.66,0.44,0.0,0.81,22.37,HIGH
vid017_high.mp4,50.46,72.11,54.86,36.79,0.86,48.0,2.1,68.29,HIGH
vid017_high.mp4,55.46,80.27,57.76,28.24,3.15,24.0,13.9,100.0,HIGH
vid017_high.mp4,60.46,80.62,57.35,19.85,1.66,24.0,9.33,100.0,HIGH
vid017_high.mp4,65.71,79.5,58.06,10.92,1.03,12.0,4.12,72.98,HIGH
vid017_high.mp4,70.71,71.54,44.71,29.4,5.92,24.0,75.3,100.0,HIGH
vid017_high.mp4,75.71,78.18,53.53,17.8,5.93,12.0,96.65,100.0,HIGH
vid017_high.mp4,80.71,73.85,55.07,27.41,2.93,12.0,27.14,100.0,HIGH
vid017_high.mp4,85.71,75.59,55.29,34.38,4.77,12.0,38.69,100.0,HIGH
vid017_high.mp4,90.71,75.92,57.74,15.39,0.53,0.0,1.71,25.32,HIGH
vid017_high.mp4,95.71,77.72,58.57,24.12,2.85,24.0,22.42,94.01,HIGH
vid017_high.mp4,100.71,84.35,58.29,16.68,3.32,12.0,18.45,62.09,HIGH
vid017_high.mp4,105.71,70.11,62.21,19.86,5.63,36.0,67.95,100.0,HIGH
vid017_high.mp4,110.71,49.98,71.85,4.86,0.65,0.0,5.68,30.82,HIGH
vid017_high.mp4,115.71,50.24,71.73,7.09,0.76,0.0,3.44,37.65,HIGH
vid017_high.mp4,120.71,49.81,71.56,5.09,0.62,0.0,3.95,28.78,HIGH
vid017_high.mp4,125.71,49.71,71.75,4.3,1.06,0.0,10.59,48.59,HIGH
vid017_high.mp4,130.71,47.61,68.23,12.89,0.67,0.0,3.6,35.73,HIGH
vid017_high.mp4,135.71,47.61,67.87,12.34,0.53,0.0,1.8,30.31,HIGH
vid017_high.mp4,140.71,67.19,65.29,15.91,2.39,0.0,22.24,46.18,HIGH
vid017_high.mp4,145.71,70.44,60.69,8.9,0.97,0.0,6.36,19.64,HIGH
vid017_high.mp4,150.71,63.78,58.79,13.45,4.36,24.0,25.25,70.6,HIGH
vid017_high.mp4,155.71,63.2,42.1,34.89,5.19,84.0,18.52,92.67,HIGH
vid017_high.mp4,160.71,78.28,39.02,9.55,1.72,12.0,18.01,100.0,HIGH
vid017_high.mp4,165.71,76.7,43.18,12.47,3.6,24.0,55.58,100.0,HIGH
vid017_high.mp4,170.71,67.45,50.67,13.92,1.37,12.0,11.06,53.84,HIGH
vid017_high.mp4,175.71,82.34,55.57,18.31,11.37,24.0,100.0,100.0,HIGH
vid017_high.mp4,180.71,84.24,39.3,12.71,4.39,12.0,45.36,79.63,HIGH
vid017_high.mp4,185.71,50.99,40.45,11.78,4.37,12.0,24.53,100.0,HIGH
vid017_high.mp4,190.71,52.19,54.78,9.11,5.29,12.0,100.0,100.0,HIGH
vid017_high.mp4,195.71,79.96,48.41,15.8,9.09,24.0,100.0,100.0,HIGH
vid017_high.mp4,200.71,79.69,42.91,11.3,1.29,12.0,13.85,100.0,HIGH
vid017_high.mp4,205.71,73.21,43.67,14.91,4.76,24.0,76.9,100.0,HIGH
vid017_high.mp4,210.71,66.09,49.61,11.98,5.82,12.0,100.0,100.0,HIGH
vid017_high.mp4,215.71,65.21,36.02,11.62,1.66,24.0,19.19,100.0,HIGH
vid017_high.mp4,220.71,49.27,39.5,13.65,5.57,12.0,18.89,60.91,HIGH
vid017_high.mp4,225.71,56.18,51.19,21.03,6.3,12.0,77.28,100.0,HIGH
vid017_high.mp4,230.71,70.05,43.18,10.83,3.82,12.0,61.6,100.0,HIGH
vid017_high.mp4,235.71,85.44,37.66,9.13,4.65,12.0,51.06,100.0,HIGH
vid017_high.mp4,240.71,88.16,37.85,9.95,3.73,12.0,64.37,100.0,HIGH
vid017_high.mp4,245.71,58.27,41.32,8.44,4.2,12.0,64.76,100.0,HIGH
vid017_high.mp4,250.71,58.67,38.66,9.85,3.15,12.0,31.64,100.0,HIGH
vid017_high.mp4,255.71,75.72,46.7,13.53,5.96,24.0,84.01,100.0,HIGH
vid017_high.mp4,260.96,73.36,54.46,9.39,4.89,12.0,91.28,100.0,HIGH
vid017_high.mp4,265.96,70.41,43.21,18.37,1.29,24.0,9.96,100.0,HIGH
vid017_high.mp4,270.96,68.36,45.58,31.91,3.13,72.0,23.05,93.19,HIGH
vid017_high.mp4,275.96,70.67,59.47,30.65,10.12,36.0,98.05,100.0,HIGH
vid017_high.mp4,280.96,74.27,56.77,7.22,3.37,12.0,55.33,87.07,HIGH
vid017_high.mp4,285.96,57.61,45.87,13.71,5.6,24.0,68.66,78.58,HIGH
vid017_high.mp4,290.96,68.95,51.88,9.43,3.85,12.0,73.58,100.0,HIGH
vid018_high.mp4,0.0,78.27,19.55,7.37,1.82,0.0,8.57,15.27,HIGH
vid018_high.mp4,5.21,56.07,33.14,29.24,9.47,48.0,64.25,100.0,HIGH
vid018_high.mp4,10.21,37.74,36.3,27.84,4.77,36.0,67.45,100.0,HIGH
vid018_high.mp4,15.21,49.28,44.04,28.63,6.75,36.0,64.88,100.0,HIGH
vid018_high.mp4,20.46,59.52,46.68,22.21,6.51,24.0,56.03,100.0,HIGH
vid018_high.mp4,25.46,67.12,43.68,27.87,6.35,24.0,83.24,100.0,HIGH
vid018_high.mp4,30.46,59.28,38.48,15.96,4.01,12.0,20.0,100.0,HIGH
vid018_high.mp4,35.46,56.49,27.67,25.92,8.85,24.0,100.0,100.0,HIGH
vid018_high.mp4,40.46,66.36,19.59,29.32,6.13,24.0,56.41,89.35,HIGH
vid018_high.mp4,45.46,56.53,38.1,19.03,5.02,24.0,75.68,100.0,HIGH
vid018_high.mp4,50.46,56.48,46.07,28.16,9.48,24.0,92.78,100.0,HIGH
vid018_high.mp4,55.46,60.97,42.18,32.17,3.4,36.0,15.51,100.0,HIGH
vid018_high.mp4,60.46,59.58,44.35,41.66,3.62,24.0,15.21,100.0,HIGH
vid018_high.mp4,65.71,56.13,46.29,23.71,3.53,24.0,26.87,100.0,HIGH
vid018_high.mp4,70.71,55.52,49.76,23.26,5.91,36.0,49.76,100.0,HIGH
vid018_high.mp4,75.71,61.13,47.39,37.17,4.16,24.0,22.88,100.0,HIGH
vid018_high.mp4,80.71,45.76,42.03,16.83,1.74,24.0,8.22,86.99,HIGH
vid018_high.mp4,85.71,46.72,35.91,20.76,5.83,24.0,70.87,100.0,HIGH
vid018_high.mp4,90.71,49.26,34.27,24.02,3.93,36.0,32.17,100.0,HIGH
vid018_high.mp4,95.71,43.07,47.69,26.55,4.23,24.0,37.36,100.0,HIGH
vid018_high.mp4,100.71,55.26,50.84,23.67,2.02,24.0,17.02,98.26,HIGH
vid018_high.mp4,105.71,50.44,49.88,25.84,7.28,24.0,84.32,100.0,HIGH
vid018_high.mp4,110.71,48.08,39.54,25.87,6.6,24.0,51.09,100.0,HIGH
vid018_high.mp4,115.71,45.74,32.46,21.75,3.86,24.0,25.88,100.0,HIGH
vid018_high.mp4,120.71,43.23,31.03,21.2,3.98,12.0,37.9,100.0,HIGH
vid018_high.mp4,125.71,50.48,39.34,28.54,2.74,24.0,21.7,100.0,HIGH
vid018_high.mp4,130.71,54.42,43.1,23.62,4.15,12.0,41.9,100.0,HIGH
vid018_high.mp4,135.71,56.82,45.75,35.26,5.51,60.0,50.92,96.51,HIGH
vid018_high.mp4,140.71,52.53,47.51,27.58,3.64,12.0,44.57,97.86,HIGH
vid018_high.mp4,145.71,68.81,44.79,28.43,7.48,24.0,59.75,100.0,HIGH
vid018_high.mp4,150.71,64.56,46.65,32.1,3.34,36.0,33.59,100.0,HIGH
vid018_high.mp4,155.71,57.53,47.64,41.23,6.55,72.0,38.58,100.0,HIGH
vid018_high.mp4,160.71,47.65,30.78,20.99,11.01,24.0,95.51,100.0,HIGH
vid018_high.mp4,165.71,57.63,50.83,22.73,5.08,24.0,42.81,100.0,HIGH
vid018_high.mp4,170.71,60.73,36.13,39.89,8.71,36.0,100.0,100.0,HIGH
vid018_high.mp4,175.71,63.28,38.15,26.65,1.87,24.0,17.64,100.0,HIGH
vid018_high.mp4,180.71,55.26,40.14,24.67,6.17,24.0,68.72,100.0,HIGH
vid018_high.mp4,185.71,52.18,42.15,30.64,4.92,36.0,41.29,100.0,HIGH
vid018_high.mp4,190.71,39.9,44.41,17.45,2.42,12.0,9.49,84.65,HIGH
vid018_high.mp4,195.71,44.46,50.61,22.33,3.99,24.0,46.64,100.0,HIGH
vid018_high.mp4,200.71,53.26,53.54,22.05,2.96,36.0,27.21,97.32,HIGH
vid018_high.mp4,205.71,58.25,40.1,25.77,7.05,24.0,89.01,100.0,HIGH
vid018_high.mp4,210.71,46.4,41.37,26.04,6.43,24.0,59.4,100.0,HIGH
vid018_high.mp4,215.71,39.36,52.67,20.69,2.39,24.0,25.51,97.28,HIGH
vid018_high.mp4,220.71,48.42,45.2,25.02,5.49,24.0,67.87,100.0,HIGH
vid018_high.mp4,225.71,50.57,43.7,22.77,2.06,24.0,14.87,100.0,HIGH
vid018_high.mp4,230.71,56.22,39.29,15.43,5.19,12.0,81.39,100.0,HIGH
vid018_high.mp4,235.71,49.61,37.48,20.56,3.75,24.0,29.01,100.0,HIGH
vid018_high.mp4,240.71,40.33,39.03,20.34,3.52,24.0,30.13,100.0,HIGH
vid018_high.mp4,245.71,33.08,48.11,14.98,4.37,24.0,28.01,63.72,HIGH
vid018_high.mp4,250.71,36.01,44.44,17.76,2.29,24.0,24.49,95.53,HIGH
vid018_high.mp4,255.71,42.97,41.95,17.89,2.88,24.0,37.61,88.39,HIGH
vid018_high.mp4,260.96,55.66,38.14,20.2,2.7,24.0,12.52,100.0,HIGH
vid018_high.mp4,265.96,58.1,37.8,24.8,3.37,12.0,37.14,100.0,HIGH
vid018_high.mp4,270.96,48.27,38.68,25.41,3.25,24.0,18.91,100.0,HIGH
vid018_high.mp4,275.96,53.02,33.12,24.94,3.66,36.0,40.61,100.0,HIGH
vid018_high.mp4,280.96,50.12,39.13,17.91,2.66,12.0,27.18,100.0,HIGH
vid018_high.mp4,285.96,57.56,44.82,40.32,4.47,36.0,29.92,100.0,HIGH
vid018_high.mp4,290.96,59.93,45.14,28.72,7.68,24.0,91.71,100.0,HIGH
vid019_high.mp4,0.0,78.14,19.52,7.35,1.8,0.0,8.5,15.06,HIGH
vid019_high.mp4,5.21,54.85,40.99,17.64,10.42,36.0,57.67,98.67,HIGH
vid019_high.mp4,10.21,33.31,61.74,33.26,4.67,60.0,24.58,80.11,HIGH
vid019_high.mp4,15.21,36.61,58.9,25.54,6.19,24.0,50.97,82.63,HIGH
vid019_high.mp4,20.46,55.26,54.02,36.64,11.43,60.0,100.0,100.0,HIGH
vid019_high.mp4,25.46,78.08,65.63,20.37,2.13,12.0,15.45,52.7,HIGH
vid019_high.mp4,30.46,37.27,61.98,35.43,7.17,72.0,60.56,100.0,HIGH
vid019_high.mp4,35.46,37.45,63.18,24.82,4.07,48.0,25.98,100.0,HIGH
vid019_high.mp4,40.46,36.7,55.73,28.13,3.74,24.0,45.45,100.0,HIGH
vid019_high.mp4,45.46,46.23,55.44,20.14,3.78,12.0,25.72,100.0,HIGH
vid019_high.mp4,50.46,35.18,63.39,35.2,5.68,60.0,53.47,100.0,HIGH
vid019_high.mp4,55.46,38.01,61.98,21.75,5.1,24.0,38.5,87.23,HIGH
vid019_high.mp4,60.46,25.31,60.8,23.74,3.6,12.0,11.82,97.27,HIGH
vid019_high.mp4,65.71,38.4,43.53,37.3,11.84,84.0,100.0,100.0,HIGH
vid019_high.mp4,70.71,33.8,61.66,30.59,4.44,36.0,20.28,100.0,HIGH
vid019_high.mp4,75.71,37.16,58.05,27.23,4.42,24.0,39.24,87.87,HIGH
vid019_high.mp4,80.71,45.62,52.23,27.56,6.25,60.0,39.88,100.0,HIGH
vid019_high.mp4,85.71,53.08,52.49,20.1,7.63,36.0,47.98,100.0,HIGH
vid019_high.mp4,90.71,34.18,60.64,22.66,4.0,12.0,15.37,82.1,HIGH
vid019_high.mp4,95.71,32.29,56.55,19.64,3.25,24.0,34.56,96.45,HIGH
vid019_high.mp4,100.71,27.07,48.73,18.91,7.33,12.0,90.76,100.0,HIGH
vid019_high.mp4,105.71,25.71,37.08,45.81,18.77,120.0,100.0,100.0,HIGH
vid019_high.mp4,110.71,31.38,58.76,20.11,3.02,12.0,10.39,81.34,HIGH
vid019_high.mp4,115.71,35.05,57.75,16.61,4.55,24.0,39.02,76.85,HIGH
vid019_high.mp4,120.71,39.39,47.31,46.61,8.51,132.0,27.5,100.0,HIGH
vid019_high.mp4,125.71,45.93,49.11,13.8,4.06,24.0,42.55,98.11,HIGH
vid019_high.mp4,130.71,28.51,58.88,24.91,5.81,36.0,44.76,76.21,HIGH
vid019_high.mp4,135.71,31.57,58.3,16.26,1.57,24.0,16.47,82.86,HIGH
vid019_high.mp4,140.71,24.8,55.13,48.82,13.9,144.0,90.2,100.0,HIGH
vid019_high.mp4,145.71,22.74,38.83,19.63,6.91,24.0,100.0,100.0,HIGH
vid019_high.mp4,150.71,31.14,62.49,21.34,3.11,12.0,15.07,76.9,HIGH
vid019_high.mp4,155.71,34.38,61.56,16.29,3.39,24.0,23.44,79.53,HIGH
vid019_high.mp4,160.71,50.46,63.42,10.88,1.79,12.0,26.58,100.0,HIGH
vid019_high.mp4,165.71,82.21,64.42,17.1,1.82,24.0,12.62,100.0,HIGH
vid019_high.mp4,170.71,36.66,61.66,28.64,4.37,72.0,22.06,89.45,HIGH
vid019_high.mp4,175.71,34.46,60.85,17.28,2.52,24.0,18.59,84.37,HIGH
vid019_high.mp4,180.71,38.9,48.57,32.01,6.78,48.0,44.07,100.0,HIGH
vid019_high.mp4,185.71,36.41,48.64,23.29,4.72,24.0,54.38,100.0,HIGH
vid019_high.mp4,190.71,38.63,62.82,35.62,6.06,48.0,30.2,92.73,HIGH
vid019_high.mp4,195.71,45.97,61.53,27.93,3.64,24.0,39.72,90.98,HIGH
vid019_high.mp4,200.71,60.69,54.77,11.78,3.09,12.0,45.09,100.0,HIGH
vid019_high.mp4,205.71,64.0,48.61,36.04,9.37,60.0,61.61,100.0,HIGH
vid019_high.mp4,210.71,37.05,57.56,28.26,4.97,48.0,30.05,100.0,HIGH
vid019_high.mp4,215.71,39.63,56.45,27.67,5.27,24.0,47.74,100.0,HIGH
vid019_high.mp4,220.71,56.86,42.13,17.77,6.56,12.0,100.0,100.0,HIGH
vid019_high.mp4,225.71,68.32,33.66,17.06,6.22,12.0,100.0,100.0,HIGH
vid019_high.mp4,230.71,40.14,57.4,28.11,10.91,24.0,79.52,100.0,HIGH
vid019_high.mp4,235.71,37.85,54.98,29.83,6.39,24.0,51.57,87.32,HIGH
vid019_high.mp4,240.71,43.78,55.03,26.12,5.24,24.0,55.72,100.0,HIGH
vid019_high.mp4,245.71,55.62,32.42,50.9,8.23,60.0,17.01,88.58,HIGH
vid019_high.mp4,250.71,37.19,59.18,37.68,10.33,24.0,100.0,100.0,HIGH
vid019_high.mp4,255.71,36.85,58.05,31.13,3.89,36.0,33.48,98.77,HIGH
vid019_high.mp4,260.96,35.42,53.72,17.81,4.33,12.0,74.93,100.0,HIGH
vid019_high.mp4,265.96,33.0,45.0,33.54,6.92,24.0,84.88,100.0,HIGH
vid019_high.mp4,270.96,35.96,60.59,23.94,8.55,24.0,67.47,100.0,HIGH
vid019_high.mp4,275.96,30.65,56.25,21.53,5.81,24.0,50.9,85.29,HIGH
vid019_high.mp4,280.96,44.76,53.58,11.18,3.53,12.0,56.75,100.0,HIGH
vid019_high.mp4,285.96,53.05,51.87,28.83,3.53,60.0,16.28,100.0,HIGH
vid019_high.mp4,290.96,31.37,61.77,18.34,2.02,12.0,10.89,79.91,HIGH
vid020_high.mp4,0.0,47.7,43.48,24.99,1.88,24.0,9.91,100.0,HIGH
vid020_high.mp4,5.0,43.46,56.26,25.93,15.2,36.0,100.0,100.0,HIGH
vid020_high.mp4,10.04,30.47,63.78,19.63,6.6,48.0,100.0,100.0,HIGH
vid020_high.mp4,15.08,63.41,51.88,39.23,14.8,84.0,100.0,100.0,HIGH
vid020_high.mp4,20.12,54.9,42.27,51.29,18.99,108.0,100.0,100.0,HIGH
vid020_high.mp4,25.16,51.85,31.03,49.93,19.41,108.0,61.93,97.46,HIGH
vid020_high.mp4,30.2,32.43,48.14,40.89,19.71,72.0,100.0,100.0,HIGH
vid020_high.mp4,35.24,38.57,42.32,44.63,18.84,84.0,96.69,100.0,HIGH
vid020_high.mp4,40.28,44.81,30.39,52.73,24.55,108.0,100.0,100.0,HIGH
vid020_high.mp4,45.32,46.13,33.64,42.24,13.27,48.0,73.46,88.8,HIGH
vid020_high.mp4,50.36,45.07,33.14,38.51,15.06,84.0,100.0,100.0,HIGH
vid020_high.mp4,55.4,29.54,51.18,53.63,9.2,120.0,47.8,100.0,HIGH
vid020_high.mp4,60.44,30.23,48.74,56.24,13.83,144.0,61.58,100.0,HIGH
vid020_high.mp4,65.48,33.3,45.26,45.77,18.5,48.0,100.0,100.0,HIGH
vid020_high.mp4,70.52,36.51,32.26,44.77,15.02,96.0,77.82,100.0,HIGH
vid020_high.mp4,75.56,28.13,35.87,15.19,3.13,12.0,33.27,83.82,HIGH
vid020_high.mp4,80.6,26.28,27.48,25.02,8.02,24.0,65.32,100.0,HIGH
vid020_high.mp4,85.64,22.86,33.46,37.82,14.78,36.0,100.0,100.0,HIGH
vid020_high.mp4,90.68,32.73,52.73,31.92,19.42,60.0,100.0,100.0,HIGH
vid020_high.mp4,95.72,28.33,56.29,40.24,5.05,72.0,27.45,97.11,HIGH
vid020_high.mp4,100.76,27.18,49.03,44.79,25.38,60.0,100.0,100.0,HIGH
vid020_high.mp4,105.8,44.55,35.62,62.2,27.53,156.0,100.0,100.0,HIGH
vid020_high.mp4,110.84,48.38,38.83,62.17,29.55,180.0,100.0,100.0,HIGH
vid020_high.mp4,115.88,39.51,46.02,59.99,35.68,156.0,100.0,100.0,HIGH
vid020_high.mp4,120.92,54.07,40.89,73.7,33.34,216.0,80.99,100.0,HIGH
vid020_high.mp4,125.96,53.96,42.42,78.49,19.28,240.0,50.66,100.0,HIGH
vid020_high.mp4,131.0,43.37,44.1,69.6,39.19,180.0,100.0,100.0,HIGH
vid020_high.mp4,136.04,48.93,48.11,72.73,33.89,192.0,100.0,100.0,HIGH
vid020_high.mp4,141.08,45.18,43.5,78.93,31.26,240.0,100.0,100.0,HIGH
vid020_high.mp4,146.12,54.5,45.53,38.26,19.64,96.0,100.0,100.0,HIGH
vid020_high.mp4,151.16,19.2,38.93,19.33,2.03,36.0,17.63,81.92,HIGH
vid020_high.mp4,156.2,9.29,40.1,21.49,6.24,48.0,52.35,77.83,HIGH
vid020_high.mp4,161.24,12.43,39.64,18.49,4.77,36.0,31.42,80.84,HIGH
vid020_high.mp4,166.28,28.1,37.99,25.71,6.02,36.0,29.41,83.18,HIGH
vid020_high.mp4,171.32,28.24,34.38,33.56,6.9,36.0,23.91,78.94,HIGH
vid020_high.mp4,176.36,38.07,37.83,47.84,4.97,132.0,20.16,85.36,HIGH
vid020_high.mp4,181.4,29.28,40.48,27.13,5.84,36.0,36.96,86.63,HIGH
vid020_high.mp4,186.44,30.6,36.4,27.11,4.89,24.0,17.11,65.58,HIGH
vid020_high.mp4,191.48,28.38,38.03,40.06,5.64,84.0,25.71,67.14,HIGH
vid020_high.mp4,196.52,28.85,38.43,29.32,2.07,36.0,6.24,65.6,HIGH
vid020_high.mp4,201.56,25.44,41.25,33.16,6.41,48.0,39.01,77.91,HIGH
vid020_high.mp4,206.6,31.48,38.39,22.05,5.02,36.0,28.26,55.0,HIGH
vid020_high.mp4,211.64,37.79,35.04,24.2,4.18,36.0,29.66,67.81,HIGH
vid020_high.mp4,216.68,38.28,34.87,26.83,2.77,36.0,22.85,80.9,HIGH
vid020_high.mp4,221.72,38.32,35.55,39.94,4.72,60.0,14.46,71.2,HIGH
vid020_high.mp4,226.76,35.57,36.56,24.76,4.03,36.0,42.26,81.68,HIGH
vid020_high.mp4,231.8,15.63,44.46,22.72,6.33,36.0,42.56,56.81,HIGH
vid020_high.mp4,236.84,35.98,37.17,48.06,13.6,132.0,52.5,75.5,HIGH
vid020_high.mp4,241.88,39.41,36.65,47.6,6.0,96.0,31.54,72.48,HIGH
vid020_high.mp4,246.92,30.44,41.3,48.9,8.61,120.0,45.52,86.93,HIGH
vid020_high.mp4,251.96,34.59,37.19,50.51,7.74,120.0,22.95,76.53,HIGH
vid020_high.mp4,257.0,38.15,35.98,36.52,4.37,60.0,22.98,84.08,HIGH
vid020_high.mp4,262.04,36.15,36.43,38.67,4.55,48.0,36.7,83.4,HIGH
vid020_high.mp4,267.08,36.46,32.26,42.88,11.22,84.0,45.91,74.59,HIGH
vid020_high.mp4,272.12,44.14,29.45,38.4,8.98,60.0,27.78,62.23,HIGH
vid020_high.mp4,277.16,39.65,30.41,42.56,19.61,60.0,47.3,90.34,HIGH
vid020_high.mp4,282.2,42.09,30.71,34.2,13.5,60.0,46.95,62.88,HIGH
vid020_high.mp4,287.24,44.15,33.09,52.04,20.86,132.0,53.23,65.9,HIGH
vid020_high.mp4,292.28,43.3,31.63,46.1,14.02,84.0,41.61,65.42,HIGH
vid021_high.mp4,0.0,66.21,79.73,16.06,7.84,36.0,54.72,100.0,HIGH
vid021_high.mp4,5.11,36.66,61.72,48.09,8.78,96.0,78.02,100.0,HIGH
vid021_high.mp4,10.24,34.7,59.21,41.49,10.67,84.0,40.34,100.0,HIGH
vid021_high.mp4,15.38,41.84,38.47,24.55,8.32,36.0,81.13,92.0,HIGH
vid021_high.mp4,20.52,39.06,49.92,34.62,8.9,84.0,57.5,95.07,HIGH
vid021_high.mp4,25.66,41.68,37.9,31.34,14.74,36.0,81.75,94.08,HIGH
vid021_high.mp4,30.8,29.89,56.46,29.2,7.45,36.0,100.0,100.0,HIGH
vid021_high.mp4,35.94,19.16,69.88,25.24,8.44,12.0,79.99,100.0,HIGH
vid021_high.mp4,41.07,40.8,44.08,36.95,11.45,24.0,100.0,100.0,HIGH
vid021_high.mp4,46.21,42.16,36.14,22.24,12.57,24.0,100.0,100.0,HIGH
vid021_high.mp4,51.35,42.47,36.26,41.58,13.72,96.0,99.97,100.0,HIGH
vid021_high.mp4,56.49,43.6,38.14,26.79,7.51,12.0,19.38,72.28,HIGH
vid021_high.mp4,61.63,49.03,38.16,30.99,15.01,60.0,73.36,78.84,HIGH
vid021_high.mp4,66.77,21.94,58.64,24.72,10.41,36.0,100.0,100.0,HIGH
vid021_high.mp4,71.91,36.61,36.09,27.75,13.21,24.0,100.0,100.0,HIGH
vid021_high.mp4,77.04,46.98,33.89,21.44,9.63,24.0,36.35,68.7,HIGH
vid021_high.mp4,82.18,49.16,34.77,29.47,16.04,36.0,87.0,85.89,HIGH
vid021_high.mp4,87.32,40.53,39.37,42.66,20.35,96.0,100.0,96.88,HIGH
vid021_high.mp4,92.46,40.12,34.94,25.53,8.5,24.0,80.95,81.98,HIGH
vid021_high.mp4,97.6,36.62,31.72,25.7,9.89,24.0,100.0,100.0,HIGH
vid021_high.mp4,102.74,37.51,44.52,41.31,12.47,60.0,100.0,100.0,HIGH
vid021_high.mp4,107.87,42.68,37.64,27.47,6.31,36.0,41.81,98.73,HIGH
vid021_high.mp4,113.01,37.92,33.97,24.27,2.66,12.0,8.51,67.86,HIGH
vid021_high.mp4,118.15,43.84,36.88,30.54,11.11,24.0,100.0,100.0,HIGH
vid021_high.mp4,123.29,34.05,22.56,15.73,9.31,12.0,65.09,63.67,HIGH
vid021_high.mp4,128.43,40.97,29.09,24.74,8.39,12.0,48.73,81.51,HIGH
vid021_high.mp4,133.57,42.39,46.83,28.91,12.4,36.0,86.76,100.0,HIGH
vid021_high.mp4,138.71,50.07,41.66,32.33,15.71,60.0,100.0,100.0,HIGH
vid021_high.mp4,143.84,39.99,35.35,38.17,20.85,36.0,98.3,100.0,HIGH
vid021_high.mp4,148.98,20.9,42.82,22.38,3.96,0.0,8.82,33.58,HIGH
vid021_high.mp4,154.12,42.41,36.46,23.56,13.68,24.0,100.0,100.0,HIGH
vid021_high.mp4,159.26,53.64,37.61,19.85,10.26,24.0,100.0,100.0,HIGH
vid021_high.mp4,164.4,51.94,33.04,25.52,20.89,36.0,100.0,100.0,HIGH
vid021_high.mp4,169.54,56.54,50.13,20.85,14.33,24.0,71.96,98.0,HIGH
vid021_high.mp4,174.67,62.39,48.74,22.0,13.16,12.0,38.84,76.77,HIGH
vid021_high.mp4,179.81,30.49,35.6,27.09,10.69,36.0,100.0,100.0,HIGH
vid021_high.mp4,184.95,36.88,31.85,20.65,13.73,24.0,100.0,100.0,HIGH
vid021_high.mp4,190.09,25.11,22.03,21.76,13.39,48.0,100.0,90.99,HIGH
vid021_high.mp4,195.23,23.9,46.27,27.66,4.01,36.0,18.0,98.45,HIGH
vid021_high.mp4,200.37,31.23,39.62,30.41,10.55,24.0,26.78,58.66,HIGH
vid021_high.mp4,205.51,40.72,33.14,30.13,15.42,36.0,100.0,100.0,HIGH
vid021_high.mp4,210.64,48.11,36.93,19.99,6.4,12.0,42.24,87.79,HIGH
vid021_high.mp4,215.78,44.66,34.89,29.16,12.13,48.0,81.46,100.0,HIGH
vid021_high.mp4,220.92,46.81,48.17,28.69,7.37,36.0,25.88,82.73,HIGH
vid021_high.mp4,226.06,50.89,41.67,24.96,14.67,24.0,79.61,96.47,HIGH
vid021_high.mp4,231.2,42.99,49.58,40.73,10.51,84.0,82.09,100.0,HIGH
vid021_high.mp4,236.34,35.16,35.81,24.79,9.44,24.0,90.13,100.0,HIGH
vid021_high.mp4,241.47,45.92,40.84,35.06,17.37,48.0,42.8,78.92,HIGH
vid021_high.mp4,246.61,50.96,44.15,20.69,10.04,24.0,24.71,75.38,HIGH
vid021_high.mp4,251.75,50.07,47.88,29.28,11.41,24.0,44.74,95.66,HIGH
vid021_high.mp4,256.89,43.74,43.72,35.53,24.38,48.0,100.0,100.0,HIGH
vid021_high.mp4,262.03,52.65,46.21,22.25,13.02,24.0,54.33,69.47,HIGH
vid021_high.mp4,267.17,52.39,44.69,22.33,11.71,24.0,30.23,55.9,HIGH
vid021_high.mp4,272.31,53.02,41.34,26.96,12.5,36.0,54.66,61.94,HIGH
vid021_high.mp4,277.44,30.74,36.43,22.0,5.8,24.0,43.6,73.28,HIGH
vid021_high.mp4,282.58,40.19,40.43,24.23,11.63,24.0,100.0,100.0,HIGH
vid021_high.mp4,287.72,31.63,54.04,38.84,20.38,60.0,100.0,100.0,HIGH
vid021_high.mp4,292.86,23.5,58.19,24.88,3.16,36.0,14.57,74.84,HIGH
vid022_high.mp4,0.0,40.67,64.87,30.34,4.43,36.0,55.14,100.0,HIGH
vid022_high.mp4,5.11,31.72,72.03,42.28,3.63,96.0,12.51,87.42,HIGH
vid022_high.mp4,10.24,39.41,68.83,22.89,12.01,24.0,85.96,100.0,HIGH
vid022_high.mp4,15.38,26.85,71.23,43.31,12.1,72.0,45.1,100.0,HIGH
vid022_high.mp4,20.52,29.89,70.4,48.97,7.08,132.0,17.37,100.0,HIGH
vid022_high.mp4,25.66,33.03,69.93,31.43,3.39,24.0,14.72,100.0,HIGH
vid022_high.mp4,30.8,32.95,66.74,31.99,4.8,36.0,25.83,100.0,HIGH
vid022_high.mp4,35.94,33.4,75.31,30.48,6.54,24.0,43.48,97.14,HIGH
vid022_high.mp4,41.07,30.13,73.56,49.11,5.52,108.0,23.42,85.26,HIGH
vid022_high.mp4,46.21,34.37,73.12,40.12,6.19,48.0,34.56,96.28,HIGH
vid022_high.mp4,51.35,32.88,73.01,46.68,4.61,72.0,21.08,100.0,HIGH
vid022_high.mp4,56.49,37.28,70.92,22.33,5.65,12.0,30.58,81.76,HIGH
vid022_high.mp4,61.63,32.2,73.61,48.09,14.06,120.0,82.39,100.0,HIGH
vid022_high.mp4,66.77,25.84,76.79,35.36,9.93,60.0,28.86,89.99,HIGH
vid022_high.mp4,71.91,30.36,75.09,45.57,8.64,132.0,75.78,100.0,HIGH
vid022_high.mp4,77.04,35.57,68.93,45.62,9.75,84.0,27.47,100.0,HIGH
vid022_high.mp4,82.18,33.4,73.15,29.71,3.69,36.0,16.9,100.0,HIGH
vid022_high.mp4,87.32,29.74,77.58,21.6,5.66,24.0,46.9,100.0,HIGH
vid022_high.mp4,92.46,25.04,69.88,38.18,5.28,72.0,43.17,96.1,HIGH
vid022_high.mp4,97.6,24.08,67.15,36.05,10.75,60.0,33.61,87.3,HIGH
vid022_high.mp4,102.74,28.85,72.21,33.1,8.19,12.0,20.36,81.59,HIGH
vid022_high.mp4,107.87,32.02,73.14,26.3,7.28,24.0,29.07,92.28,HIGH
vid022_high.mp4,113.01,27.58,74.87,34.33,10.1,48.0,38.64,69.21,HIGH
vid022_high.mp4,118.15,31.28,75.96,38.05,11.92,48.0,38.19,97.83,HIGH
vid022_high.mp4,123.29,28.79,73.66,39.68,7.27,84.0,44.64,87.84,HIGH
vid022_high.mp4,128.43,29.36,69.78,31.34,8.56,60.0,40.01,95.65,HIGH
vid022_high.mp4,133.57,32.0,71.54,37.52,8.97,84.0,57.56,100.0,HIGH
vid022_high.mp4,138.71,37.2,71.7,37.34,3.9,60.0,11.94,99.91,HIGH
vid022_high.mp4,143.84,46.14,69.59,41.29,4.5,108.0,17.41,100.0,HIGH
vid022_high.mp4,148.98,48.17,70.78,25.76,3.48,36.0,15.04,100.0,HIGH
vid022_high.mp4,154.12,31.69,75.07,27.84,7.37,12.0,38.56,68.42,HIGH
vid022_high.mp4,159.26,35.63,73.94,36.68,12.37,48.0,84.7,100.0,HIGH
vid022_high.mp4,164.4,31.01,77.34,36.66,11.72,60.0,51.48,100.0,HIGH
vid022_high.mp4,169.54,26.38,73.31,29.79,7.78,24.0,30.4,100.0,HIGH
vid022_high.mp4,174.67,24.63,74.33,33.81,5.69,24.0,17.74,89.23,HIGH
vid022_high.mp4,179.81,21.5,69.01,33.68,6.18,60.0,27.2,69.42,HIGH
vid022_high.mp4,184.95,28.07,70.27,20.07,1.78,12.0,10.7,100.0,HIGH
vid022_high.mp4,190.09,33.3,74.9,36.13,4.18,84.0,16.37,100.0,HIGH
vid022_high.mp4,195.23,29.01,74.49,7.67,2.81,12.0,52.56,87.87,HIGH
vid022_high.mp4,200.37,52.56,67.81,18.58,3.72,24.0,27.2,91.26,HIGH
vid022_high.mp4,205.51,24.39,68.65,25.56,8.2,36.0,34.39,100.0,HIGH
vid022_high.mp4,210.64,35.59,70.11,24.91,7.4,36.0,50.25,99.72,HIGH
vid022_high.mp4,215.78,26.62,71.86,28.9,8.36,36.0,63.29,92.8,HIGH
vid022_high.mp4,220.92,31.81,69.38,32.84,12.45,48.0,76.49,100.0,HIGH
vid022_high.mp4,226.06,48.32,68.66,18.18,2.86,0.0,11.03,48.27,HIGH
vid022_high.mp4,231.2,40.87,61.85,26.19,5.86,24.0,22.52,100.0,HIGH
vid022_high.mp4,236.34,70.93,49.48,24.34,6.74,24.0,48.97,100.0,HIGH
vid022_high.mp4,241.47,70.01,53.99,31.05,8.02,60.0,43.99,100.0,HIGH
vid022_high.mp4,246.61,71.1,53.84,48.33,4.81,120.0,22.66,100.0,HIGH
vid022_high.mp4,251.75,68.03,55.48,46.09,7.27,96.0,21.62,100.0,HIGH
vid022_high.mp4,256.89,60.72,52.34,38.95,8.68,60.0,21.84,100.0,HIGH
vid022_high.mp4,262.03,68.42,49.44,17.49,2.21,12.0,9.32,92.73,HIGH
vid022_high.mp4,267.17,74.38,50.07,28.03,2.46,24.0,15.74,100.0,HIGH
vid022_high.mp4,272.31,75.28,49.42,32.39,4.03,72.0,15.38,80.84,HIGH
vid022_high.mp4,277.44,63.01,56.23,40.02,11.88,96.0,48.67,100.0,HIGH
vid022_high.mp4,282.58,41.64,55.54,40.85,5.89,60.0,40.23,100.0,HIGH
vid022_high.mp4,287.72,61.84,53.26,32.9,4.39,36.0,19.89,100.0,HIGH
vid022_high.mp4,292.86,63.72,51.5,31.65,4.49,36.0,18.86,100.0,HIGH
vid023_high.mp4,0.0,44.13,61.42,23.93,6.75,24.0,51.68,96.91,HIGH
vid023_high.mp4,5.0,41.7,57.57,45.16,8.06,108.0,41.78,100.0,HIGH
vid023_high.mp4,10.04,38.45,48.46,19.62,2.01,12.0,12.91,83.04,HIGH
vid023_high.mp4,15.08,48.51,48.12,42.14,10.72,48.0,100.0,100.0,HIGH
vid023_high.mp4,20.12,33.01,58.64,60.4,10.32,132.0,48.35,100.0,HIGH
vid023_high.mp4,25.16,32.14,59.35,34.21,4.66,24.0,35.59,98.23,HIGH
vid023_high.mp4,30.2,36.72,60.25,31.79,3.69,36.0,16.83,100.0,HIGH
vid023_high.mp4,35.24,35.19,60.22,58.66,11.3,180.0,85.12,100.0,HIGH
vid023_high.mp4,40.28,29.07,69.77,21.06,3.55,24.0,19.12,86.85,HIGH
vid023_high.mp4,45.32,28.44,69.7,52.05,12.55,132.0,46.61,99.04,HIGH
vid023_high.mp4,50.36,25.7,67.11,35.0,6.61,24.0,67.38,100.0,HIGH
vid023_high.mp4,55.4,32.85,59.23,51.41,14.54,108.0,100.0,100.0,HIGH
vid023_high.mp4,60.44,49.4,46.13,30.41,3.43,12.0,21.49,81.4,HIGH
vid023_high.mp4,65.48,54.92,42.08,24.82,3.01,36.0,17.53,75.75,HIGH
vid023_high.mp4,70.52,51.1,44.81,40.44,2.4,72.0,8.93,75.2,HIGH
vid023_high.mp4,75.56,44.8,43.69,43.3,11.41,72.0,75.16,100.0,HIGH
vid023_high.mp4,80.6,35.82,48.37,65.96,8.54,168.0,24.95,100.0,HIGH
vid023_high.mp4,85.64,48.82,49.33,28.85,3.27,24.0,37.84,100.0,HIGH
vid023_high.mp4,90.68,40.57,49.65,41.67,6.91,72.0,34.97,100.0,HIGH
vid023_high.mp4,95.72,39.35,50.9,75.32,15.68,216.0,56.53,100.0,HIGH
vid023_high.mp4,100.76,56.31,49.09,57.68,9.37,156.0,75.77,100.0,HIGH
vid023_high.mp4,105.8,21.59,70.8,47.33,11.87,132.0,77.35,100.0,HIGH
vid023_high.mp4,110.84,59.22,70.44,26.34,8.73,48.0,92.18,100.0,HIGH
vid023_high.mp4,115.88,30.17,57.82,42.0,3.63,48.0,22.57,100.0,HIGH
vid023_high.mp4,120.92,38.86,57.8,62.56,12.81,168.0,100.0,100.0,HIGH
vid023_high.mp4,125.96,35.17,67.27,28.3,7.78,36.0,77.69,100.0,HIGH
vid023_high.mp4,131.0,26.24,61.56,32.57,5.59,36.0,17.02,100.0,HIGH
vid023_high.mp4,136.04,45.33,69.39,22.23,6.03,12.0,69.41,100.0,HIGH
vid023_high.mp4,141.08,31.57,66.41,32.46,9.68,60.0,76.32,100.0,HIGH
vid023_high.mp4,146.12,20.83,62.27,28.16,3.69,24.0,21.18,89.93,HIGH
vid023_high.mp4,151.16,24.65,58.18,33.31,4.0,36.0,21.04,100.0,HIGH
vid023_high.mp4,156.2,66.11,72.5,22.87,8.15,24.0,100.0,100.0,HIGH
vid023_high.mp4,161.24,58.48,73.56,30.59,18.73,48.0,95.08,100.0,HIGH
vid023_high.mp4,166.28,54.78,71.2,25.81,10.13,48.0,64.81,100.0,HIGH
vid023_high.mp4,171.32,26.44,64.62,44.87,5.94,84.0,33.47,100.0,HIGH
vid023_high.mp4,176.36,35.38,61.17,35.27,2.89,36.0,7.1,94.36,HIGH
vid023_high.mp4,181.4,32.96,49.41,36.64,12.89,72.0,100.0,100.0,HIGH
vid023_high.mp4,186.44,27.66,13.09,12.69,8.24,12.0,100.0,100.0,HIGH
vid023_high.mp4,191.48,32.6,17.69,19.36,12.89,0.0,48.7,43.05,HIGH
vid023_high.mp4,196.52,36.47,17.85,19.61,1.8,0.0,6.54,42.76,HIGH
vid023_high.mp4,201.56,35.45,17.98,13.71,0.87,0.0,3.81,26.98,HIGH
vid023_high.mp4,206.6,42.94,16.42,20.76,4.76,12.0,37.15,54.38,HIGH
vid023_high.mp4,211.64,37.1,18.54,18.4,2.88,0.0,16.32,44.38,HIGH
vid023_high.mp4,216.68,40.06,17.99,17.49,2.83,12.0,16.55,53.32,HIGH
vid023_high.mp4,221.72,29.94,31.08,26.32,7.43,12.0,95.36,96.81,HIGH
vid023_high.mp4,226.76,35.5,22.14,12.94,5.41,12.0,98.94,98.93,HIGH
vid023_high.mp4,231.8,38.46,22.77,11.13,3.78,12.0,65.31,73.35,HIGH
vid023_high.mp4,236.84,38.11,23.93,24.77,12.92,24.0,71.17,81.21,HIGH
vid023_high.mp4,241.88,42.65,34.09,22.65,14.34,24.0,100.0,100.0,HIGH
vid023_high.mp4,246.92,40.87,55.69,24.43,2.08,12.0,8.31,100.0,HIGH
vid023_high.mp4,251.96,41.03,64.25,23.8,5.4,24.0,57.5,100.0,HIGH
vid023_high.mp4,257.0,25.22,65.75,16.47,1.51,12.0,13.91,100.0,HIGH
vid023_high.mp4,262.04,27.28,67.45,33.93,4.62,24.0,12.95,100.0,HIGH
vid023_high.mp4,267.08,28.39,66.16,23.47,2.24,36.0,18.96,100.0,HIGH
vid023_high.mp4,272.12,24.11,68.67,28.93,2.56,12.0,8.41,98.32,HIGH
vid023_high.mp4,277.16,33.38,61.66,41.15,15.48,84.0,100.0,100.0,HIGH
vid023_high.mp4,282.2,36.1,63.85,37.35,20.09,48.0,100.0,100.0,HIGH
vid023_high.mp4,287.24,23.32,48.0,43.27,8.91,96.0,100.0,100.0,HIGH
vid023_high.mp4,292.28,34.92,42.87,25.67,4.75,36.0,28.29,100.0,HIGH
vid024_high.mp4,0.0,23.31,50.59,26.97,4.34,36.0,19.6,70.47,HIGH
vid024_high.mp4,5.1,23.57,48.16,37.78,5.3,60.0,25.97,100.0,HIGH
vid024_high.mp4,10.23,39.83,53.33,50.35,2.42,132.0,11.37,100.0,HIGH
vid024_high.mp4,15.37,39.51,51.45,52.51,6.07,84.0,33.3,100.0,HIGH
vid024_high.mp4,20.5,14.34,55.99,21.98,5.96,24.0,46.88,90.94,HIGH
vid024_high.mp4,25.63,37.19,49.82,49.19,3.46,96.0,18.59,100.0,HIGH
vid024_high.mp4,30.77,34.37,51.84,56.72,6.72,204.0,59.79,100.0,HIGH
vid024_high.mp4,35.9,25.7,44.15,20.09,2.31,24.0,16.75,99.56,HIGH
vid024_high.mp4,41.03,41.32,39.33,58.58,19.17,168.0,100.0,100.0,HIGH
vid024_high.mp4,46.17,40.8,43.67,37.14,10.02,48.0,67.95,100.0,HIGH
vid024_high.mp4,51.3,43.4,39.19,31.45,3.11,24.0,23.08,100.0,HIGH
vid024_high.mp4,56.43,39.5,37.31,50.49,5.87,132.0,22.74,99.35,HIGH
vid024_high.mp4,61.57,37.05,38.21,48.79,3.57,132.0,14.36,66.13,HIGH
vid024_high.mp4,66.7,41.61,39.67,40.53,4.89,48.0,29.79,100.0,HIGH
vid024_high.mp4,71.83,40.26,38.98,40.78,9.2,108.0,76.08,100.0,HIGH
vid024_high.mp4,76.97,44.94,38.35,31.57,3.22,24.0,13.39,97.61,HIGH
vid024_high.mp4,82.1,48.54,37.07,36.93,4.31,48.0,19.68,100.0,HIGH
vid024_high.mp4,87.23,39.3,38.45,52.98,9.66,156.0,71.36,100.0,HIGH
vid024_high.mp4,92.37,26.56,46.27,41.41,4.26,60.0,28.9,100.0,HIGH
vid024_high.mp4,97.5,25.52,45.68,52.07,10.18,156.0,46.93,96.88,HIGH
vid024_high.mp4,102.63,27.23,41.51,25.99,2.18,12.0,5.38,83.77,HIGH
vid024_high.mp4,107.77,32.3,41.89,28.8,2.16,12.0,6.5,69.52,HIGH
vid024_high.mp4,112.9,29.34,40.59,41.24,9.18,60.0,44.95,100.0,HIGH
vid024_high.mp4,118.03,23.15,43.79,52.48,14.54,132.0,100.0,100.0,HIGH
vid024_high.mp4,123.17,23.32,40.81,49.3,5.16,108.0,17.4,91.82,HIGH
vid024_high.mp4,128.3,21.74,44.29,46.52,3.74,84.0,15.31,77.67,HIGH
vid024_high.mp4,133.43,26.28,39.97,44.99,8.51,84.0,50.9,100.0,HIGH
vid024_high.mp4,138.57,31.39,42.25,45.06,7.49,96.0,36.38,89.16,HIGH
vid024_high.mp4,143.7,29.59,37.73,34.81,4.33,12.0,11.48,51.36,HIGH
vid024_high.mp4,148.83,40.66,49.2,56.47,13.43,156.0,100.0,100.0,HIGH
vid024_high.mp4,153.97,43.86,63.9,36.37,8.99,60.0,87.38,100.0,HIGH
vid024_high.mp4,159.1,41.94,64.67,14.77,2.43,24.0,20.2,100.0,HIGH
vid024_high.mp4,164.23,42.24,66.53,34.5,9.01,48.0,60.74,100.0,HIGH
vid024_high.mp4,169.37,41.81,65.14,39.39,5.4,84.0,31.46,100.0,HIGH
vid024_high.mp4,174.5,40.23,65.07,21.37,5.99,24.0,70.4,100.0,HIGH
vid024_high.mp4,179.63,47.81,60.13,18.29,3.45,24.0,31.11,100.0,HIGH
vid024_high.mp4,184.77,34.78,59.91,24.52,2.92,24.0,23.82,100.0,HIGH
vid024_high.mp4,189.9,28.17,71.74,32.39,8.9,48.0,76.18,87.26,HIGH
vid024_high.mp4,195.03,48.95,64.62,52.35,7.23,108.0,45.52,100.0,HIGH
vid024_high.mp4,200.17,44.34,65.41,21.02,3.14,12.0,12.73,100.0,HIGH
vid024_high.mp4,205.3,48.85,62.72,21.88,3.33,36.0,35.34,96.7,HIGH
vid024_high.mp4,210.43,46.93,65.74,29.77,5.55,48.0,27.71,100.0,HIGH
vid024_high.mp4,215.57,42.83,69.04,19.66,3.43,24.0,29.52,100.0,HIGH
vid024_high.mp4,220.7,52.0,68.68,23.63,3.33,36.0,30.2,100.0,HIGH
vid024_high.mp4,225.83,46.05,60.33,28.3,6.98,36.0,100.0,100.0,HIGH
vid024_high.mp4,230.97,59.25,52.5,30.66,4.25,60.0,39.05,100.0,HIGH
vid024_high.mp4,236.1,51.72,47.51,16.87,2.08,24.0,32.68,100.0,HIGH
vid024_high.mp4,241.23,54.14,46.97,35.58,3.3,36.0,10.68,100.0,HIGH
vid024_high.mp4,246.37,48.12,45.25,49.49,12.03,96.0,72.44,100.0,HIGH
vid024_high.mp4,251.5,53.17,44.61,38.33,3.17,60.0,9.6,100.0,HIGH
vid024_high.mp4,256.63,64.56,44.98,31.99,2.8,36.0,12.71,100.0,HIGH
vid024_high.mp4,261.77,71.97,51.18,51.25,5.92,120.0,36.23,100.0,HIGH
vid024_high.mp4,266.9,69.22,48.01,22.2,2.5,24.0,14.79,100.0,HIGH
vid024_high.mp4,272.03,65.45,45.38,47.12,4.17,84.0,13.17,100.0,HIGH
vid024_high.mp4,277.17,57.97,47.32,42.5,16.82,48.0,93.49,100.0,HIGH
vid024_high.mp4,282.3,48.26,48.28,55.02,12.21,156.0,50.55,100.0,HIGH
vid024_high.mp4,287.43,61.99,48.23,46.84,12.46,108.0,61.79,100.0,HIGH
vid024_high.mp4,292.57,63.16,46.32,30.43,7.39,48.0,52.74,100.0,HIGH
vid025_high.mp4,0.0,37.96,73.97,24.82,10.6,24.0,100.0,100.0,HIGH
vid025_high.mp4,5.11,41.7,71.8,32.03,14.08,60.0,100.0,100.0,HIGH
vid025_high.mp4,10.24,43.88,77.19,28.25,4.55,36.0,32.77,98.77,HIGH
vid025_high.mp4,15.38,59.27,60.24,25.11,9.58,24.0,71.01,100.0,HIGH
vid025_high.mp4,20.52,44.22,71.1,16.18,4.66,24.0,57.52,100.0,HIGH
vid025_high.mp4,25.66,52.53,75.4,29.94,9.27,36.0,86.87,100.0,HIGH
vid025_high.mp4,30.8,44.87,70.76,27.9,6.36,36.0,52.35,100.0,HIGH
vid025_high.mp4,35.94,40.53,72.08,21.53,8.85,24.0,88.35,100.0,HIGH
vid025_high.mp4,41.07,46.16,77.42,26.19,6.9,36.0,78.59,100.0,HIGH
vid025_high.mp4,46.21,45.18,70.33,21.77,6.22,24.0,62.35,100.0,HIGH
vid025_high.mp4,51.35,41.93,64.9,18.85,1.63,12.0,9.55,71.78,HIGH
vid025_high.mp4,56.49,58.31,59.48,27.43,9.67,24.0,100.0,100.0,HIGH
vid025_high.mp4,61.63,56.18,77.27,24.48,6.22,36.0,33.59,90.15,HIGH
vid025_high.mp4,66.77,50.6,77.79,38.25,9.31,60.0,79.02,100.0,HIGH
vid025_high.mp4,71.91,59.38,73.98,20.23,2.0,12.0,5.28,88.85,HIGH
vid025_high.mp4,77.04,55.48,75.84,28.47,5.14,36.0,49.19,92.92,HIGH
vid025_high.mp4,82.18,44.08,69.57,24.34,5.97,36.0,42.36,100.0,HIGH
vid025_high.mp4,87.32,51.81,71.44,23.44,8.85,24.0,100.0,100.0,HIGH
vid025_high.mp4,92.46,49.37,82.84,28.89,9.06,24.0,100.0,100.0,HIGH
vid025_high.mp4,97.6,43.76,64.73,25.39,2.43,12.0,11.1,96.42,HIGH
vid025_high.mp4,102.74,54.19,63.51,31.23,4.5,24.0,18.54,100.0,HIGH
vid025_high.mp4,107.87,59.58,72.88,20.15,5.24,24.0,66.97,100.0,HIGH
vid025_high.mp4,113.01,50.42,81.63,30.72,5.29,60.0,34.27,84.93,HIGH
vid025_high.mp4,118.15,53.13,79.85,12.3,3.37,12.0,56.24,92.7,HIGH
vid025_high.mp4,123.29,47.4,83.09,18.19,2.67,12.0,17.96,67.36,HIGH
vid025_high.mp4,128.43,51.62,81.81,17.4,1.19,24.0,4.38,65.18,HIGH
vid025_high.mp4,133.57,63.21,77.3,36.45,8.2,48.0,49.97,95.47,HIGH
vid025_high.mp4,138.71,52.0,72.68,32.18,5.96,48.0,44.57,100.0,HIGH
vid025_high.mp4,143.84,61.21,73.1,23.31,4.26,12.0,57.93,91.37,HIGH
vid025_high.mp4,148.98,53.28,79.0,46.3,6.83,72.0,48.09,100.0,HIGH
vid025_high.mp4,154.12,47.59,79.28,27.76,7.85,36.0,100.0,100.0,HIGH
vid025_high.mp4,159.26,62.37,58.9,30.61,8.06,24.0,100.0,100.0,HIGH
vid025_high.mp4,164.4,54.17,77.69,18.4,2.47,24.0,21.04,91.92,HIGH
vid025_high.mp4,169.54,47.47,77.67,25.21,8.21,36.0,84.55,100.0,HIGH
vid025_high.mp4,174.67,41.28,69.01,17.28,3.79,12.0,43.37,99.32,HIGH
vid025_high.mp4,179.81,44.4,74.21,33.62,12.69,48.0,97.93,100.0,HIGH
vid025_high.mp4,184.95,48.93,63.98,34.66,5.19,60.0,57.43,100.0,HIGH
vid025_high.mp4,190.09,48.69,62.29,37.54,8.97,36.0,44.67,100.0,HIGH
vid025_high.mp4,195.23,30.73,64.16,30.91,5.78,48.0,40.79,100.0,HIGH
vid025_high.mp4,200.37,33.27,53.2,44.34,7.53,96.0,41.49,100.0,HIGH
vid025_high.mp4,205.51,33.13,50.28,28.05,4.62,24.0,13.51,77.7,HIGH
vid025_high.mp4,210.64,41.13,42.85,36.69,4.77,24.0,27.27,98.72,HIGH
vid025_high.mp4,215.78,44.8,43.96,32.42,2.23,36.0,16.33,100.0,HIGH
vid025_high.mp4,220.92,46.89,41.4,41.97,9.45,144.0,51.49,100.0,HIGH
vid025_high.mp4,226.06,48.21,48.66,26.62,7.51,24.0,100.0,100.0,HIGH
vid025_high.mp4,231.2,55.49,60.98,29.86,4.88,24.0,36.28,88.37,HIGH
vid025_high.mp4,236.34,56.03,65.5,35.93,4.49,12.0,43.9,93.84,HIGH
vid025_high.mp4,241.47,57.32,63.74,26.19,4.72,36.0,36.98,69.23,HIGH
vid025_high.mp4,246.61,57.47,52.04,21.97,6.8,24.0,100.0,100.0,HIGH
vid025_high.mp4,251.75,50.01,42.49,34.45,5.76,60.0,25.82,100.0,HIGH
vid025_high.mp4,256.89,48.37,40.81,35.81,7.59,36.0,50.39,100.0,HIGH
vid025_high.mp4,262.03,33.19,48.51,31.23,7.23,24.0,46.81,100.0,HIGH
vid025_high.mp4,267.17,20.92,48.62,29.38,5.87,48.0,42.7,100.0,HIGH
vid025_high.mp4,272.31,25.43,51.17,34.04,2.2,72.0,9.06,100.0,HIGH
vid025_high.mp4,277.44,20.49,54.31,48.05,3.21,84.0,14.11,100.0,HIGH
vid025_high.mp4,282.58,26.69,55.13,50.65,5.43,156.0,29.2,100.0,HIGH
vid025_high.mp4,287.72,18.18,52.69,35.41,3.23,84.0,17.34,100.0,HIGH
vid025_high.mp4,292.86,31.14,51.89,29.47,2.84,24.0,9.89,100.0,HIGH
vid001_low.mp4,0.0,46.01,20.42,5.46,0.77,0.0,2.2,7.5,LOW
vid001_low.mp4,5.1,50.45,20.31,5.53,0.78,0.0,2.02,6.78,LOW
vid001_low.mp4,10.23,46.75,20.24,7.66,1.58,0.0,4.05,10.08,LOW
vid001_low.mp4,15.37,45.92,20.14,8.13,1.39,0.0,2.83,11.92,LOW
vid001_low.mp4,20.5,50.39,20.38,5.32,1.25,0.0,4.95,12.09,LOW
vid001_low.mp4,25.63,52.43,20.87,4.63,1.76,0.0,4.28,7.29,LOW
vid001_low.mp4,30.77,54.49,18.28,3.74,1.07,0.0,4.23,7.39,LOW
vid001_low.mp4,35.9,34.26,28.04,13.45,3.97,0.0,11.64,23.85,LOW
vid001_low.mp4,41.03,18.39,35.13,16.1,0.66,0.0,1.87,21.65,LOW
vid001_low.mp4,46.17,18.53,31.53,20.18,1.22,0.0,3.44,25.29,LOW
vid001_low.mp4,51.3,42.92,34.3,8.72,2.02,0.0,4.3,15.51,LOW
vid001_low.mp4,56.43,35.56,43.64,16.67,2.65,0.0,6.13,27.04,LOW
vid001_low.mp4,61.57,57.02,25.8,24.81,8.34,0.0,21.62,35.71,LOW
vid001_low.mp4,66.7,73.59,18.4,35.67,3.4,0.0,8.66,40.86,LOW
vid001_low.mp4,71.83,43.55,18.04,23.04,3.25,0.0,8.48,38.32,LOW
vid001_low.mp4,76.97,38.77,19.11,8.66,1.17,0.0,2.72,11.56,LOW
vid001_low.mp4,82.1,63.05,13.75,12.0,3.21,0.0,8.97,18.83,LOW
vid001_low.mp4,87.23,91.13,10.03,14.29,0.66,0.0,2.13,24.46,LOW
vid001_low.mp4,92.37,41.81,22.66,11.29,4.1,0.0,13.15,17.15,LOW
vid001_low.mp4,97.5,35.03,26.45,11.5,1.85,0.0,9.43,15.39,LOW
vid001_low.mp4,102.63,45.15,20.97,9.32,1.97,0.0,9.48,13.99,LOW
vid001_low.mp4,107.77,52.46,19.6,4.19,1.14,0.0,3.86,10.05,LOW
vid001_low.mp4,112.9,52.16,21.26,4.73,2.01,0.0,4.23,7.13,LOW
vid001_low.mp4,118.03,55.02,17.88,3.65,0.96,0.0,2.92,7.03,LOW
vid001_low.mp4,123.17,46.57,20.23,6.2,1.0,0.0,2.58,9.95,LOW
vid001_low.mp4,128.3,49.61,20.31,5.5,0.61,0.0,1.48,7.77,LOW
vid001_low.mp4,133.43,48.82,20.71,7.5,1.27,0.0,7.59,11.7,LOW
vid001_low.mp4,138.57,22.87,33.4,17.92,3.1,0.0,10.11,24.16,LOW
vid001_low.mp4,143.7,17.43,34.51,17.41,1.02,0.0,3.03,25.61,LOW
vid001_low.mp4,148.83,27.49,30.8,15.63,1.29,0.0,2.84,24.03,LOW
vid001_low.mp4,153.97,40.84,37.52,11.62,2.44,0.0,5.84,22.6,LOW
vid001_low.mp4,159.1,34.71,43.45,15.72,3.97,0.0,19.03,28.46,LOW
vid001_low.mp4,164.23,70.63,19.78,32.24,6.63,0.0,21.82,40.54,LOW
vid001_low.mp4,169.37,69.05,15.47,34.96,3.39,0.0,8.63,40.8,LOW
vid001_low.mp4,174.5,34.77,20.38,15.07,3.07,0.0,8.75,36.7,LOW
vid001_low.mp4,179.63,39.62,18.96,6.68,0.8,0.0,2.31,10.31,LOW
vid001_low.mp4,184.77,80.2,10.63,15.94,3.35,0.0,8.96,21.56,LOW
vid001_low.mp4,189.9,81.96,11.4,12.73,2.85,0.0,13.56,23.16,LOW
vid001_low.mp4,195.03,32.09,26.81,11.74,2.0,0.0,12.81,17.18,LOW
vid001_low.mp4,200.17,40.5,25.03,9.4,1.89,0.0,9.24,13.68,LOW
vid001_low.mp4,205.3,53.73,19.13,3.73,1.31,0.0,3.74,7.15,LOW
vid001_low.mp4,210.43,52.36,20.64,4.92,1.77,0.0,4.43,7.41,LOW
vid001_low.mp4,215.57,52.91,18.6,4.12,0.84,0.0,2.17,8.22,LOW
vid001_low.mp4,220.7,46.44,20.44,5.95,0.88,0.0,2.6,8.89,LOW
vid001_low.mp4,225.83,50.71,20.23,5.68,0.94,0.0,2.42,6.58,LOW
vid001_low.mp4,230.97,39.26,24.7,11.69,3.8,0.0,10.66,20.74,LOW
vid001_low.mp4,236.1,19.84,35.05,17.07,0.54,0.0,1.51,23.48,LOW
vid001_low.mp4,241.23,17.14,32.98,18.82,1.22,0.0,3.8,25.47,LOW
vid001_low.mp4,246.37,37.44,32.03,11.19,1.59,0.0,3.82,23.71,LOW
vid001_low.mp4,251.5,37.02,41.75,14.27,2.47,0.0,6.57,22.12,LOW
vid001_low.mp4,256.63,45.07,33.37,21.52,8.33,0.0,22.48,37.58,LOW
vid001_low.mp4,261.77,74.96,20.0,36.28,2.73,0.0,5.51,41.15,LOW
vid001_low.mp4,266.9,54.82,15.27,29.17,4.52,0.0,8.65,38.48,LOW
vid001_low.mp4,272.03,36.96,20.18,8.81,1.12,0.0,3.0,11.69,LOW
vid001_low.mp4,277.17,48.77,16.36,9.21,3.17,0.0,9.11,18.79,LOW
vid001_low.mp4,282.3,90.98,9.88,16.08,0.96,0.0,2.37,24.16,LOW
vid001_low.mp4,287.43,59.52,17.54,11.62,4.19,0.0,13.24,17.54,LOW
vid001_low.mp4,292.57,33.31,27.15,11.11,0.62,0.0,1.38,14.96,LOW
vid002_low.mp4,0.0,35.24,64.42,0.19,0.12,0.0,0.87,1.12,LOW
vid002_low.mp4,5.0,19.04,58.66,8.07,3.8,12.0,59.87,76.68,LOW
vid002_low.mp4,10.04,25.3,50.32,1.17,0.46,0.0,2.74,2.7,LOW
vid002_low.mp4,15.08,20.73,51.54,8.15,2.23,24.0,24.34,74.07,LOW
vid002_low.mp4,20.12,26.43,50.42,8.19,5.19,12.0,100.0,100.0,LOW
vid002_low.mp4,25.16,52.11,63.99,21.01,10.44,48.0,100.0,100.0,LOW
vid002_low.mp4,30.2,45.35,53.88,10.72,2.8,12.0,51.19,100.0,LOW
vid002_low.mp4,35.24,44.91,51.2,29.18,9.63,36.0,57.26,100.0,LOW
vid002_low.mp4,40.28,37.67,49.77,6.44,0.47,0.0,2.84,25.74,LOW
vid002_low.mp4,45.32,34.36,51.94,8.44,5.23,12.0,100.0,100.0,LOW
vid002_low.mp4,50.36,17.91,60.07,11.14,4.45,12.0,68.31,89.61,LOW
vid002_low.mp4,55.4,31.2,51.84,12.02,1.72,12.0,25.32,97.64,LOW
vid002_low.mp4,60.44,26.43,53.19,7.89,1.41,12.0,23.15,91.48,LOW
vid002_low.mp4,65.48,22.82,49.91,7.43,2.51,12.0,48.74,90.16,LOW
vid002_low.mp4,70.52,28.59,47.94,6.39,1.43,12.0,24.34,86.9,LOW
vid002_low.mp4,75.56,23.18,48.58,16.0,1.36,12.0,9.19,100.0,LOW
vid002_low.mp4,80.6,27.99,52.81,14.32,3.77,24.0,37.65,100.0,LOW
vid002_low.mp4,85.64,31.7,54.48,2.95,0.41,0.0,4.1,14.84,LOW
vid002_low.mp4,90.68,29.49,55.54,21.11,1.7,12.0,5.66,54.35,LOW
vid002_low.mp4,95.72,17.9,54.88,24.93,3.33,12.0,25.21,92.15,LOW
vid002_low.mp4,100.76,16.26,45.28,17.58,4.01,0.0,13.05,29.65,LOW
vid002_low.mp4,105.8,32.06,35.67,10.2,4.14,24.0,53.27,63.3,LOW
vid002_low.mp4,110.84,44.43,26.76,3.1,0.79,0.0,8.45,9.19,LOW
vid002_low.mp4,115.88,20.38,37.72,7.39,4.24,24.0,70.43,73.83,LOW
vid002_low.mp4,120.92,30.82,41.5,10.58,3.2,24.0,33.38,88.44,LOW
vid002_low.mp4,125.96,32.04,40.46,6.41,3.2,12.0,59.22,88.63,LOW
vid002_low.mp4,131.0,28.72,36.13,6.61,1.3,12.0,17.35,75.14,LOW
vid002_low.mp4,136.04,37.56,40.37,3.94,0.49,0.0,2.52,12.8,LOW
vid002_low.mp4,141.08,37.79,40.8,9.38,1.94,0.0,7.19,23.82,LOW
vid002_low.mp4,146.12,30.06,38.15,15.42,4.0,36.0,34.09,76.07,LOW
vid002_low.mp4,151.16,30.46,43.19,17.12,2.96,12.0,14.74,89.89,LOW
vid002_low.mp4,156.2,29.62,40.81,18.49,4.25,24.0,28.86,88.06,LOW
vid002_low.mp4,161.24,30.51,38.67,5.01,0.84,0.0,3.59,14.34,LOW
vid002_low.mp4,166.28,34.59,56.02,18.13,9.2,36.0,52.62,100.0,LOW
vid002_low.mp4,171.32,47.75,46.29,17.94,6.81,36.0,100.0,100.0,LOW
vid002_low.mp4,176.36,61.38,42.43,3.5,0.35,0.0,1.0,9.3,LOW
vid002_low.mp4,181.4,22.34,34.39,5.08,2.64,12.0,43.14,90.99,LOW
vid002_low.mp4,186.44,23.9,43.22,14.87,6.4,0.0,19.37,31.16,LOW
vid002_low.mp4,191.48,40.92,75.16,16.47,5.59,0.0,19.62,22.92,LOW
vid002_low.mp4,196.52,40.1,65.05,13.42,2.71,12.0,39.86,81.12,LOW
vid002_low.mp4,201.56,45.84,52.66,14.22,3.12,24.0,48.12,94.29,LOW
vid002_low.mp4,206.6,39.11,51.68,14.41,5.89,24.0,100.0,100.0,LOW
vid002_low.mp4,211.64,44.39,70.07,18.38,3.63,0.0,17.77,42.81,LOW
vid002_low.mp4,216.68,40.81,63.51,13.23,4.81,24.0,53.7,94.68,LOW
vid002_low.mp4,221.72,47.26,52.31,5.39,0.52,0.0,3.73,21.82,LOW
vid002_low.mp4,226.76,44.2,59.75,11.87,6.81,24.0,75.51,100.0,LOW
vid002_low.mp4,231.8,46.9,55.5,1.01,0.12,0.0,0.87,3.45,LOW
vid002_low.mp4,236.84,39.33,68.19,5.92,3.55,12.0,66.2,100.0,LOW
vid002_low.mp4,241.88,44.27,60.18,5.5,3.27,12.0,67.28,100.0,LOW
vid002_low.mp4,246.92,53.38,51.71,11.35,1.55,12.0,21.88,96.73,LOW
vid002_low.mp4,251.96,47.58,55.13,5.44,1.0,12.0,19.1,94.28,LOW
vid002_low.mp4,257.0,42.74,62.32,13.53,3.5,24.0,40.67,100.0,LOW
vid002_low.mp4,262.04,53.9,71.84,23.74,5.29,48.0,51.1,95.37,LOW
vid002_low.mp4,267.08,47.48,63.36,7.1,5.05,12.0,100.0,100.0,LOW
vid002_low.mp4,272.12,49.54,69.0,18.42,6.09,36.0,57.46,100.0,LOW
vid002_low.mp4,277.16,44.15,63.13,28.84,20.7,48.0,97.48,83.13,LOW
vid002_low.mp4,282.2,35.36,44.01,9.86,8.84,12.0,55.75,64.65,LOW
vid002_low.mp4,287.24,41.71,49.6,11.88,6.35,24.0,76.69,75.93,LOW
vid002_low.mp4,292.28,44.14,53.22,15.59,4.15,36.0,49.27,81.7,LOW
vid003_low.mp4,0.0,30.42,16.26,12.03,1.73,0.0,6.23,21.09,LOW
vid003_low.mp4,5.1,31.77,16.67,15.64,2.73,12.0,35.89,100.0,LOW
vid003_low.mp4,10.23,22.23,13.75,12.86,0.87,0.0,3.09,16.29,LOW
vid003_low.mp4,15.37,21.41,13.38,11.86,1.63,0.0,9.18,16.15,LOW
vid003_low.mp4,20.5,24.5,16.43,21.87,1.56,0.0,8.12,25.52,LOW
vid003_low.mp4,25.63,22.71,15.01,17.55,2.93,0.0,9.27,26.02,LOW
vid003_low.mp4,30.77,24.82,14.62,16.26,1.16,0.0,4.17,19.87,LOW
vid003_low.mp4,35.9,21.78,13.53,13.32,1.78,0.0,5.67,18.75,LOW
vid003_low.mp4,41.03,22.74,13.84,13.47,0.61,0.0,2.43,16.67,LOW
vid003_low.mp4,46.17,22.31,14.66,16.02,3.07,0.0,9.2,25.3,LOW
vid003_low.mp4,51.3,23.79,16.24,21.98,1.61,0.0,9.73,25.87,LOW
vid003_low.mp4,56.43,24.13,14.01,12.68,2.0,0.0,8.24,17.28,LOW
vid003_low.mp4,61.57,24.56,14.66,15.14,0.78,0.0,3.93,17.44,LOW
vid003_low.mp4,66.7,12.64,6.73,7.85,3.95,0.0,8.95,11.74,LOW
vid003_low.mp4,71.83,13.12,7.5,11.33,0.04,0.0,0.13,12.37,LOW
vid003_low.mp4,76.97,16.93,8.95,15.71,0.64,0.0,4.07,25.78,LOW
vid003_low.mp4,82.1,17.91,10.01,10.01,1.58,0.0,3.15,21.98,LOW
vid003_low.mp4,87.23,22.17,11.41,15.69,1.76,0.0,4.23,23.61,LOW
vid003_low.mp4,92.37,20.58,11.59,15.88,1.61,0.0,4.17,24.39,LOW
vid003_low.mp4,97.5,23.71,11.78,17.72,1.75,0.0,3.93,25.25,LOW
vid003_low.mp4,102.63,22.45,11.85,17.69,1.7,0.0,4.38,26.7,LOW
vid003_low.mp4,107.77,21.56,12.23,16.84,1.67,0.0,4.01,26.09,LOW
vid003_low.mp4,112.9,19.74,11.4,14.12,1.96,0.0,7.12,21.08,LOW
vid003_low.mp4,118.03,23.23,10.95,11.53,1.69,0.0,6.95,17.42,LOW
vid003_low.mp4,123.17,24.92,13.12,8.41,0.42,0.0,2.01,11.76,LOW
vid003_low.mp4,128.3,28.86,15.49,13.62,0.8,0.0,4.55,18.07,LOW
vid003_low.mp4,133.43,27.3,14.13,10.51,1.19,0.0,4.61,13.98,LOW
vid003_low.mp4,138.57,26.43,13.24,9.1,1.03,0.0,3.7,13.45,LOW
vid003_low.mp4,143.7,24.45,12.8,9.61,0.65,0.0,2.61,12.48,LOW
vid003_low.mp4,148.83,24.46,12.68,10.24,0.44,0.0,2.66,13.58,LOW
vid003_low.mp4,153.97,25.37,12.96,12.98,0.98,0.0,2.91,20.26,LOW
vid003_low.mp4,159.1,28.3,15.14,20.8,1.36,0.0,3.95,25.55,LOW
vid003_low.mp4,164.23,26.2,15.25,21.52,1.55,0.0,3.75,26.49,LOW
vid003_low.mp4,169.37,27.58,14.67,19.32,1.29,0.0,3.61,22.04,LOW
vid003_low.mp4,174.5,29.26,14.9,20.25,1.18,0.0,4.36,23.14,LOW
vid003_low.mp4,179.63,28.35,14.98,19.14,1.3,0.0,4.74,23.36,LOW
vid003_low.mp4,184.77,26.39,13.81,12.35,1.3,0.0,3.52,20.02,LOW
vid003_low.mp4,189.9,24.84,12.16,7.83,0.63,0.0,4.04,15.31,LOW
vid003_low.mp4,195.03,24.63,11.76,5.69,0.43,0.0,3.34,16.41,LOW
vid003_low.mp4,200.17,23.99,13.83,14.04,0.84,0.0,5.57,22.02,LOW
vid003_low.mp4,205.3,21.17,13.53,12.07,2.16,0.0,8.66,20.78,LOW
vid003_low.mp4,210.43,24.45,16.41,21.82,1.22,0.0,6.08,25.2,LOW
vid003_low.mp4,215.57,23.24,14.95,17.68,2.67,0.0,9.63,26.74,LOW
vid003_low.mp4,220.7,24.9,14.63,16.01,1.03,0.0,4.21,19.53,LOW
vid003_low.mp4,225.83,22.51,13.44,12.87,1.99,0.0,6.02,18.81,LOW
vid003_low.mp4,230.97,22.55,13.86,13.84,0.43,0.0,2.14,18.04,LOW
vid003_low.mp4,236.1,21.59,14.86,16.4,2.95,0.0,8.9,25.42,LOW
vid003_low.mp4,241.23,23.44,15.82,20.83,2.16,0.0,9.68,25.95,LOW
vid003_low.mp4,246.37,24.18,14.28,13.35,1.46,0.0,6.35,17.11,LOW
vid003_low.mp4,251.5,24.39,14.52,14.61,1.12,0.0,5.4,17.36,LOW
vid003_low.mp4,256.63,12.88,6.77,6.41,3.71,0.0,8.63,12.14,LOW
vid003_low.mp4,261.77,13.14,7.5,11.08,0.06,0.0,0.13,12.28,LOW
vid003_low.mp4,266.9,16.11,8.79,16.29,0.65,0.0,3.36,25.03,LOW
vid003_low.mp4,272.03,17.48,9.85,9.37,1.48,0.0,3.08,18.52,LOW
vid003_low.mp4,277.17,21.36,11.46,15.81,1.62,0.0,4.64,23.64,LOW
vid003_low.mp4,282.3,20.31,11.7,16.4,1.56,0.0,4.68,24.02,LOW
vid003_low.mp4,287.43,23.48,11.86,18.01,1.77,0.0,3.89,25.42,LOW
vid003_low.mp4,292.57,21.75,11.73,17.17,1.72,0.0,3.75,26.36,LOW
vid004_low.mp4,0.0,10.41,88.57,3.23,0.6,0.0,4.25,9.56,LOW
vid004_low.mp4,5.0,11.19,88.25,4.59,0.58,0.0,1.66,8.9,LOW
vid004_low.mp4,10.04,11.06,89.24,8.15,1.59,0.0,11.4,21.76,LOW
vid004_low.mp4,15.08,10.57,89.75,7.6,0.6,0.0,3.45,19.83,LOW
vid004_low.mp4,20.12,11.88,89.33,8.07,0.82,0.0,3.39,18.8,LOW
vid004_low.mp4,25.16,11.01,89.37,11.6,1.79,0.0,6.84,22.97,LOW
vid004_low.mp4,30.2,9.53,90.1,12.25,1.95,0.0,5.76,18.8,LOW
vid004_low.mp4,35.24,10.32,89.26,9.36,0.84,0.0,3.23,18.19,LOW
vid004_low.mp4,40.28,10.53,89.84,4.64,0.49,0.0,2.12,10.45,LOW
vid004_low.mp4,45.32,56.7,34.43,8.79,8.05,12.0,100.0,100.0,LOW
vid004_low.mp4,50.36,52.92,34.06,16.3,14.1,12.0,44.75,54.19,LOW
vid004_low.mp4,55.4,63.13,29.38,1.45,0.33,0.0,2.06,4.69,LOW
vid004_low.mp4,60.44,53.96,41.63,10.91,5.55,12.0,100.0,100.0,LOW
vid004_low.mp4,65.48,23.88,84.95,12.77,5.68,0.0,33.16,39.21,LOW
vid004_low.mp4,70.52,22.11,74.57,20.4,10.96,36.0,100.0,100.0,LOW
vid004_low.mp4,75.56,11.1,85.89,13.72,4.75,12.0,62.55,63.55,LOW
vid004_low.mp4,80.6,5.41,90.79,8.19,1.07,0.0,10.01,25.42,LOW
vid004_low.mp4,85.64,8.55,89.53,9.77,0.34,0.0,1.82,23.25,LOW
vid004_low.mp4,90.68,5.76,90.74,9.82,1.15,0.0,7.31,21.05,LOW
vid004_low.mp4,95.72,6.09,89.63,9.24,2.32,0.0,12.16,28.89,LOW
vid004_low.mp4,100.76,11.34,85.95,14.79,1.33,0.0,7.07,44.04,LOW
vid004_low.mp4,105.8,7.48,88.32,13.72,1.74,0.0,4.19,24.93,LOW
vid004_low.mp4,110.84,29.06,78.96,17.91,6.38,24.0,100.0,100.0,LOW
vid004_low.mp4,115.88,34.05,76.75,11.13,5.75,12.0,100.0,100.0,LOW
vid004_low.mp4,120.92,16.06,87.66,30.5,2.96,72.0,29.22,66.13,LOW
vid004_low.mp4,125.96,25.67,82.51,12.09,5.26,12.0,100.0,100.0,LOW
vid004_low.mp4,131.0,29.01,80.18,8.2,5.09,12.0,100.0,100.0,LOW
vid004_low.mp4,136.04,28.81,37.84,28.85,31.28,72.0,100.0,100.0,LOW
vid004_low.mp4,141.08,22.18,83.1,6.39,0.96,0.0,7.62,25.71,LOW
vid004_low.mp4,146.12,22.83,83.03,5.96,1.6,12.0,31.41,64.7,LOW
vid004_low.mp4,151.16,14.4,88.26,7.34,0.78,0.0,8.46,42.4,LOW
vid004_low.mp4,156.2,29.15,81.54,8.14,2.69,12.0,42.0,58.14,LOW
vid004_low.mp4,161.24,12.92,88.65,8.08,2.53,12.0,45.99,55.17,LOW
vid004_low.mp4,166.28,15.64,86.97,11.24,2.38,0.0,26.66,40.73,LOW
vid004_low.mp4,171.32,9.34,87.82,11.43,1.28,0.0,4.83,39.94,LOW
vid004_low.mp4,176.36,12.4,88.18,15.52,1.65,0.0,12.62,48.66,LOW
vid004_low.mp4,181.4,14.64,89.22,16.72,2.03,12.0,13.67,50.02,LOW
vid004_low.mp4,186.44,23.12,87.97,12.44,2.0,0.0,10.99,28.28,LOW
vid004_low.mp4,191.48,26.89,86.68,8.71,1.52,0.0,16.69,31.31,LOW
vid004_low.mp4,196.52,50.04,91.02,5.87,1.3,0.0,5.37,14.26,LOW
vid004_low.mp4,201.56,30.87,89.04,11.11,1.33,0.0,10.59,30.35,LOW
vid004_low.mp4,206.6,30.09,88.41,10.16,2.24,0.0,26.13,45.01,LOW
vid004_low.mp4,211.64,31.04,86.9,9.15,2.08,0.0,26.83,49.83,LOW
vid004_low.mp4,216.68,23.27,88.5,19.15,1.48,36.0,8.7,52.37,LOW
vid004_low.mp4,221.72,34.2,85.71,14.67,3.34,12.0,31.58,63.03,LOW
vid004_low.mp4,226.76,43.66,86.7,9.13,2.55,0.0,20.92,29.29,LOW
vid004_low.mp4,231.8,29.01,88.98,14.92,0.89,0.0,3.48,45.66,LOW
vid004_low.mp4,236.84,36.7,89.41,7.95,1.71,0.0,21.17,49.81,LOW
vid004_low.mp4,241.88,32.7,87.77,10.93,3.1,12.0,36.2,75.62,LOW
vid004_low.mp4,246.92,20.25,82.93,9.3,2.6,12.0,30.47,73.05,LOW
vid004_low.mp4,251.96,14.83,91.2,11.43,2.25,0.0,16.14,30.38,LOW
vid004_low.mp4,257.0,18.09,90.16,15.42,2.17,0.0,22.72,41.21,LOW
vid004_low.mp4,262.04,19.93,57.89,33.62,34.71,84.0,100.0,85.1,LOW
vid004_low.mp4,267.08,16.85,85.63,10.55,8.99,24.0,95.08,80.86,LOW
vid004_low.mp4,272.12,28.72,83.71,7.05,0.97,12.0,16.75,58.19,LOW
vid004_low.mp4,277.16,35.14,81.37,7.0,1.16,12.0,13.32,50.55,LOW
vid004_low.mp4,282.2,22.68,85.72,9.27,2.9,12.0,42.91,66.63,LOW
vid004_low.mp4,287.24,26.22,84.54,16.42,2.55,12.0,33.59,65.46,LOW
vid004_low.mp4,292.28,38.43,79.3,15.41,3.32,12.0,37.1,77.09,LOW
vid005_low.mp4,0.0,43.65,85.69,3.08,1.74,0.0,14.82,22.76,LOW
vid005_low.mp4,5.1,35.0,69.77,6.22,4.83,12.0,100.0,100.0,LOW
vid005_low.mp4,10.23,22.56,37.04,7.94,1.71,12.0,14.93,100.0,LOW
vid005_low.mp4,15.37,21.8,38.73,8.72,5.53,12.0,100.0,100.0,LOW
vid005_low.mp4,20.5,20.73,62.41,25.48,4.01,12.0,30.35,100.0,LOW
vid005_low.mp4,25.63,15.63,51.22,19.8,7.11,12.0,100.0,100.0,LOW
vid005_low.mp4,30.77,11.77,36.56,16.48,1.54,0.0,3.78,26.32,LOW
vid005_low.mp4,35.9,11.52,37.19,15.19,4.51,12.0,66.83,86.75,LOW
vid005_low.mp4,41.03,12.41,43.74,5.09,1.85,12.0,31.46,60.18,LOW
vid005_low.mp4,46.17,14.16,48.05,2.41,0.6,0.0,2.0,3.54,LOW
vid005_low.mp4,51.3,14.07,47.6,5.57,2.03,12.0,28.06,72.48,LOW
vid005_low.mp4,56.43,17.64,40.94,11.73,1.07,0.0,2.81,18.58,LOW
vid005_low.mp4,61.57,19.56,53.01,19.98,4.78,12.0,68.34,100.0,LOW
vid005_low.mp4,66.7,20.5,55.96,15.72,1.33,0.0,4.39,21.93,LOW
vid005_low.mp4,71.83,22.45,55.38,16.91,1.27,0.0,3.2,26.06,LOW
vid005_low.mp4,76.97,54.07,41.76,8.17,4.01,12.0,74.61,100.0,LOW
vid005_low.mp4,82.1,35.57,33.62,21.73,7.05,60.0,57.8,100.0,LOW
vid005_low.mp4,87.23,18.82,26.49,23.71,8.04,12.0,57.81,98.36,LOW
vid005_low.mp4,92.37,22.76,32.09,24.08,8.02,0.0,24.68,35.93,LOW
vid005_low.mp4,97.5,31.07,53.32,23.54,10.05,12.0,100.0,100.0,LOW
vid005_low.mp4,102.63,41.4,81.31,1.79,0.13,0.0,0.32,2.58,LOW
vid005_low.mp4,107.77,34.32,61.33,11.88,5.03,12.0,100.0,100.0,LOW
vid005_low.mp4,112.9,27.05,36.23,17.2,0.77,0.0,2.73,20.27,LOW
vid005_low.mp4,118.03,32.53,43.34,12.22,3.26,12.0,34.14,100.0,LOW
vid005_low.mp4,123.17,36.38,47.75,2.51,0.98,0.0,3.05,3.86,LOW
vid005_low.mp4,128.3,20.09,33.5,7.51,3.9,12.0,77.56,100.0,LOW
vid005_low.mp4,133.43,19.8,36.26,8.18,4.71,12.0,94.9,94.26,LOW
vid005_low.mp4,138.57,16.14,51.28,26.76,3.07,0.0,7.35,31.71,LOW
vid005_low.mp4,143.7,30.71,72.42,15.77,5.34,12.0,100.0,100.0,LOW
vid005_low.mp4,148.83,16.77,39.32,10.22,5.07,12.0,100.0,100.0,LOW
vid005_low.mp4,153.97,23.59,36.1,14.79,2.68,12.0,20.53,79.37,LOW
vid005_low.mp4,159.1,36.27,30.54,18.6,5.01,12.0,49.68,65.94,LOW
vid005_low.mp4,164.23,31.88,35.48,3.05,0.41,0.0,1.05,5.96,LOW
vid005_low.mp4,169.37,22.49,38.91,16.84,4.23,24.0,25.31,71.1,LOW
vid005_low.mp4,174.5,22.25,39.68,8.15,0.43,0.0,1.05,14.9,LOW
vid005_low.mp4,179.63,23.16,47.21,15.37,3.55,24.0,45.38,100.0,LOW
vid005_low.mp4,184.77,18.84,48.63,9.84,1.8,12.0,20.86,79.87,LOW
vid005_low.mp4,189.9,15.63,43.47,15.17,1.79,12.0,19.83,83.48,LOW
vid005_low.mp4,195.03,39.63,40.13,20.85,2.63,12.0,15.04,99.83,LOW
vid005_low.mp4,200.17,11.57,37.6,47.88,4.59,120.0,32.82,91.76,LOW
vid005_low.mp4,205.3,19.79,37.43,15.84,6.38,12.0,86.15,89.59,LOW
vid005_low.mp4,210.43,17.98,54.48,5.71,0.78,12.0,8.11,65.7,LOW
vid005_low.mp4,215.57,17.52,50.39,11.13,5.35,12.0,97.57,100.0,LOW
vid005_low.mp4,220.7,30.14,35.25,9.51,2.03,12.0,26.98,85.11,LOW
vid005_low.mp4,225.83,11.78,38.96,6.41,0.48,0.0,2.48,8.02,LOW
vid005_low.mp4,230.97,26.72,63.68,7.91,4.74,12.0,100.0,100.0,LOW
vid005_low.mp4,236.1,30.65,51.06,6.15,4.77,12.0,100.0,100.0,LOW
vid005_low.mp4,241.23,19.85,41.56,11.27,2.36,12.0,11.52,100.0,LOW
vid005_low.mp4,246.37,22.13,38.6,7.74,1.55,12.0,18.44,99.26,LOW
vid005_low.mp4,251.5,31.37,40.57,6.85,0.82,12.0,8.48,100.0,LOW
vid005_low.mp4,256.63,29.63,33.37,7.91,3.34,12.0,60.67,100.0,LOW
vid005_low.mp4,261.77,19.34,27.19,8.23,1.27,12.0,10.49,76.95,LOW
vid005_low.mp4,266.9,23.41,30.77,13.07,3.45,12.0,55.84,94.4,LOW
vid005_low.mp4,272.03,26.46,39.51,14.88,4.61,12.0,70.51,98.19,LOW
vid005_low.mp4,277.17,25.07,43.46,22.0,2.77,24.0,35.66,97.01,LOW
vid005_low.mp4,282.3,33.4,38.61,9.49,0.91,0.0,2.15,15.39,LOW
vid005_low.mp4,287.43,27.43,39.68,12.84,2.49,12.0,24.02,84.18,LOW
vid005_low.mp4,292.57,17.79,43.61,10.59,0.85,0.0,2.82,12.81,LOW
vid006_low.mp4,0.0,16.47,30.4,2.04,0.22,0.0,0.63,3.4,LOW
vid006_low.mp4,5.1,16.28,30.75,2.41,0.28,0.0,1.47,3.68,LOW
vid006_low.mp4,10.23,16.29,30.84,3.08,0.35,0.0,1.83,6.04,LOW
vid006_low.mp4,15.37,16.3,30.84,2.09,0.22,0.0,2.09,7.97,LOW
vid006_low.mp4,20.5,16.93,31.06,2.97,0.3,0.0,1.46,4.7,LOW
vid006_low.mp4,25.63,16.88,30.94,5.11,0.32,0.0,0.97,6.3,LOW
vid006_low.mp4,30.77,16.05,31.57,5.0,0.37,0.0,0.93,6.94,LOW
vid006_low.mp4,35.9,16.1,32.04,3.65,0.35,0.0,1.09,5.37,LOW
vid006_low.mp4,41.03,16.48,31.92,5.59,0.51,0.0,1.89,7.98,LOW
vid006_low.mp4,46.17,16.77,31.93,3.41,0.37,0.0,3.08,6.31,LOW
vid006_low.mp4,51.3,16.4,31.88,1.22,0.26,0.0,2.87,3.39,LOW
vid006_low.mp4,56.43,16.77,31.28,2.49,0.25,0.0,1.34,4.98,LOW
vid006_low.mp4,61.57,16.8,31.27,2.61,0.37,0.0,2.86,7.57,LOW
vid006_low.mp4,66.7,17.05,31.22,1.61,0.23,0.0,2.05,3.82,LOW
vid006_low.mp4,71.83,17.21,30.79,2.96,0.26,0.0,1.26,5.31,LOW
vid006_low.mp4,76.97,16.93,30.78,2.2,0.34,0.0,1.28,5.46,LOW
vid006_low.mp4,82.1,17.11,30.93,1.34,0.09,0.0,0.31,3.96,LOW
vid006_low.mp4,87.23,17.36,30.76,2.5,0.25,0.0,1.84,5.59,LOW
vid006_low.mp4,92.37,16.89,30.57,2.5,0.24,0.0,0.95,5.77,LOW
vid006_low.mp4,97.5,17.28,30.61,3.75,0.35,0.0,1.8,5.45,LOW
vid006_low.mp4,102.63,15.07,30.85,1.83,0.37,0.0,1.04,4.46,LOW
vid006_low.mp4,107.77,14.43,31.07,1.17,0.17,0.0,0.84,2.98,LOW
vid006_low.mp4,112.9,14.46,31.07,0.64,0.11,0.0,1.4,2.22,LOW
vid006_low.mp4,118.03,15.15,31.1,1.39,0.18,0.0,1.39,3.35,LOW
vid006_low.mp4,123.17,16.45,31.26,2.31,0.17,0.0,0.57,3.66,LOW
vid006_low.mp4,128.3,16.25,31.58,2.76,0.28,0.0,1.28,5.03,LOW
vid006_low.mp4,133.43,16.56,31.46,1.03,0.17,0.0,1.94,2.71,LOW
vid006_low.mp4,138.57,16.56,31.04,2.49,0.26,0.0,0.93,3.89,LOW
vid006_low.mp4,143.7,16.69,31.57,2.76,0.33,0.0,1.48,5.62,LOW
vid006_low.mp4,148.83,16.88,31.72,1.02,0.21,0.0,1.86,3.29,LOW
vid006_low.mp4,153.97,17.15,31.4,2.41,0.22,0.0,2.31,5.84,LOW
vid006_low.mp4,159.1,17.03,31.38,2.31,0.27,0.0,1.16,4.63,LOW
vid006_low.mp4,164.23,17.06,31.59,2.69,0.19,0.0,0.71,6.0,LOW
vid006_low.mp4,169.37,17.06,31.43,1.31,0.27,0.0,3.25,3.7,LOW
vid006_low.mp4,174.5,16.88,30.59,3.11,0.39,0.0,4.01,7.37,LOW
vid006_low.mp4,179.63,12.82,30.42,4.57,1.09,0.0,8.46,31.19,LOW
vid006_low.mp4,184.77,7.43,30.2,2.65,0.37,0.0,2.29,5.49,LOW
vid006_low.mp4,189.9,7.26,30.45,4.07,0.61,0.0,1.4,10.01,LOW
vid006_low.mp4,195.03,6.83,29.99,1.47,0.24,0.0,1.25,2.69,LOW
vid006_low.mp4,200.17,7.31,29.95,2.81,0.27,0.0,1.57,5.71,LOW
vid006_low.mp4,205.3,7.58,29.95,1.24,0.25,0.0,1.37,2.82,LOW
vid006_low.mp4,210.43,7.6,30.1,2.71,0.21,0.0,0.75,6.57,LOW
vid006_low.mp4,215.57,7.01,30.78,1.88,0.29,0.0,1.2,4.46,LOW
vid006_low.mp4,220.7,6.93,30.88,2.62,0.26,0.0,0.88,4.7,LOW
vid006_low.mp4,225.83,6.71,30.83,1.84,0.22,0.0,1.61,3.29,LOW
vid006_low.mp4,230.97,6.77,30.85,1.57,0.17,0.0,1.04,2.79,LOW
vid006_low.mp4,236.1,6.61,30.72,1.4,0.11,0.0,0.39,3.25,LOW
vid006_low.mp4,241.23,6.82,28.93,4.45,1.05,0.0,10.73,29.96,LOW
vid006_low.mp4,246.37,7.32,28.52,1.25,0.28,0.0,2.01,2.48,LOW
vid006_low.mp4,251.5,7.55,28.68,1.35,0.22,0.0,1.58,2.54,LOW
vid006_low.mp4,256.63,7.41,28.87,1.09,0.27,0.0,1.34,2.21,LOW
vid006_low.mp4,261.77,7.82,28.69,2.12,0.49,0.0,2.44,6.5,LOW
vid006_low.mp4,266.9,7.65,29.22,0.62,0.19,0.0,0.72,1.83,LOW
vid006_low.mp4,272.03,7.62,28.47,1.03,0.27,0.0,1.17,2.94,LOW
vid006_low.mp4,277.17,7.42,28.0,3.6,0.38,0.0,1.88,4.4,LOW
vid006_low.mp4,282.3,8.98,28.32,9.09,0.41,0.0,1.06,11.05,LOW
vid006_low.mp4,287.43,9.97,28.39,9.24,0.49,0.0,1.08,10.16,LOW
vid006_low.mp4,292.57,9.35,36.11,5.85,2.18,0.0,22.04,40.56,LOW
vid007_low.mp4,0.0,43.49,84.33,5.04,4.95,12.0,100.0,100.0,LOW
vid007_low.mp4,5.1,25.91,34.58,30.16,1.2,0.0,4.88,33.55,LOW
vid007_low.mp4,10.23,39.56,32.86,27.67,2.88,12.0,22.3,98.36,LOW
vid007_low.mp4,15.37,48.0,31.14,17.37,0.99,0.0,2.48,25.38,LOW
vid007_low.mp4,20.5,47.36,32.39,17.36,1.61,0.0,3.79,25.16,LOW
vid007_low.mp4,25.63,50.68,23.04,21.61,3.77,12.0,55.28,100.0,LOW
vid007_low.mp4,30.77,52.72,19.36,24.24,1.37,0.0,3.55,39.2,LOW
vid007_low.mp4,35.9,32.34,27.42,27.58,4.99,12.0,30.03,100.0,LOW
vid007_low.mp4,41.03,19.92,30.47,10.31,1.47,12.0,10.91,86.71,LOW
vid007_low.mp4,46.17,20.97,34.72,2.0,0.27,0.0,0.8,3.81,LOW
vid007_low.mp4,51.3,20.14,34.42,6.13,0.92,12.0,14.11,99.35,LOW
vid007_low.mp4,56.43,14.39,25.59,25.12,3.95,0.0,15.03,40.46,LOW
vid007_low.mp4,61.57,17.33,34.59,25.03,7.0,12.0,83.13,100.0,LOW
vid007_low.mp4,66.7,19.8,46.74,6.53,0.84,0.0,2.38,14.26,LOW
vid007_low.mp4,71.83,20.06,47.03,5.43,0.55,0.0,1.69,13.43,LOW
vid007_low.mp4,76.97,19.81,46.79,5.33,0.71,0.0,2.83,12.24,LOW
vid007_low.mp4,82.1,19.92,46.66,6.61,0.63,0.0,1.7,10.05,LOW
vid007_low.mp4,87.23,55.85,44.28,13.66,4.02,12.0,26.17,100.0,LOW
vid007_low.mp4,92.37,63.01,45.96,17.29,3.89,0.0,11.54,30.17,LOW
vid007_low.mp4,97.5,55.9,40.33,33.4,7.76,24.0,50.74,100.0,LOW
vid007_low.mp4,102.63,49.26,24.25,15.93,5.92,0.0,13.14,21.84,LOW
vid007_low.mp4,107.77,41.69,15.65,24.93,8.14,36.0,51.46,85.27,LOW
vid007_low.mp4,112.9,35.44,15.83,28.25,4.56,0.0,11.02,46.08,LOW
vid007_low.mp4,118.03,28.16,18.67,27.15,1.57,0.0,3.22,34.46,LOW
vid007_low.mp4,123.17,32.97,32.98,35.36,10.46,24.0,100.0,100.0,LOW
vid007_low.mp4,128.3,30.97,33.47,54.55,5.88,192.0,27.73,100.0,LOW
vid007_low.mp4,133.43,23.54,36.66,8.29,2.54,12.0,26.27,100.0,LOW
vid007_low.mp4,138.57,15.63,27.27,25.06,4.62,0.0,17.55,47.45,LOW
vid007_low.mp4,143.7,28.97,27.6,11.99,3.55,12.0,11.71,100.0,LOW
vid007_low.mp4,148.83,38.11,22.75,10.56,2.01,0.0,7.96,26.91,LOW
vid007_low.mp4,153.97,32.05,25.77,26.11,14.12,60.0,100.0,100.0,LOW
vid007_low.mp4,159.1,26.69,42.36,38.61,6.25,36.0,11.7,72.84,LOW
vid007_low.mp4,164.23,39.54,38.28,79.63,21.61,264.0,96.23,100.0,LOW
vid007_low.mp4,169.37,28.83,41.52,51.57,9.88,120.0,36.04,96.31,LOW
vid007_low.mp4,174.5,18.72,44.08,7.37,3.16,12.0,56.11,98.99,LOW
vid007_low.mp4,179.63,23.19,40.53,1.95,0.36,0.0,1.4,3.17,LOW
vid007_low.mp4,184.77,34.79,50.34,34.69,6.56,12.0,26.75,100.0,LOW
vid007_low.mp4,189.9,29.98,55.93,27.19,5.22,0.0,14.55,37.55,LOW
vid007_low.mp4,195.03,34.79,53.45,17.99,1.2,12.0,5.82,81.11,LOW
vid007_low.mp4,200.17,38.43,51.37,10.31,0.89,0.0,3.56,16.62,LOW
vid007_low.mp4,205.3,33.63,54.38,8.88,0.88,0.0,2.17,15.61,LOW
vid007_low.mp4,210.43,33.73,54.12,7.19,1.25,0.0,2.85,13.9,LOW
vid007_low.mp4,215.57,47.18,46.47,9.07,4.74,12.0,72.87,94.81,LOW
vid007_low.mp4,220.7,33.55,32.58,15.42,1.07,0.0,3.79,28.33,LOW
vid007_low.mp4,225.83,68.29,31.53,28.26,2.78,12.0,18.72,100.0,LOW
vid007_low.mp4,230.97,43.24,36.74,22.51,1.92,12.0,9.9,100.0,LOW
vid007_low.mp4,236.1,17.51,38.5,5.82,1.01,12.0,5.93,84.97,LOW
vid007_low.mp4,241.23,14.01,45.85,36.69,4.53,48.0,42.6,95.05,LOW
vid007_low.mp4,246.37,21.5,45.61,24.01,1.44,0.0,2.91,27.99,LOW
vid007_low.mp4,251.5,18.41,37.2,18.33,3.33,12.0,43.2,100.0,LOW
vid007_low.mp4,256.63,24.57,36.08,20.46,2.28,12.0,19.19,100.0,LOW
vid007_low.mp4,261.77,28.82,37.17,20.1,1.25,0.0,2.79,29.78,LOW
vid007_low.mp4,266.9,28.25,40.44,14.79,2.29,12.0,17.52,98.64,LOW
vid007_low.mp4,272.03,29.06,40.02,25.18,1.6,48.0,6.83,63.77,LOW
vid007_low.mp4,277.17,35.4,38.86,44.86,2.24,108.0,9.18,64.79,LOW
vid007_low.mp4,282.3,27.39,32.4,15.96,2.99,12.0,48.9,91.22,LOW
vid007_low.mp4,287.43,25.94,30.78,15.53,1.49,0.0,4.32,19.91,LOW
vid007_low.mp4,292.57,22.19,31.61,17.05,1.61,0.0,4.17,19.48,LOW
vid008_low.mp4,0.0,42.08,85.12,5.33,5.13,12.0,100.0,100.0,LOW
vid008_low.mp4,5.1,13.32,41.93,29.39,6.4,36.0,51.91,95.23,LOW
vid008_low.mp4,10.23,14.92,39.53,12.8,0.71,0.0,2.34,18.61,LOW
vid008_low.mp4,15.37,14.33,39.49,8.67,0.69,0.0,2.11,11.72,LOW
vid008_low.mp4,20.5,13.98,40.11,15.19,1.07,12.0,10.09,100.0,LOW
vid008_low.mp4,25.63,28.98,42.96,16.79,3.37,0.0,7.98,21.09,LOW
vid008_low.mp4,30.77,27.11,41.54,7.88,1.58,0.0,5.42,13.46,LOW
vid008_low.mp4,35.9,25.97,41.71,19.92,7.24,36.0,36.97,100.0,LOW
vid008_low.mp4,41.03,22.11,38.42,12.68,0.89,0.0,2.61,15.72,LOW
vid008_low.mp4,46.17,20.57,34.55,8.51,0.73,0.0,2.15,13.56,LOW
vid008_low.mp4,51.3,21.06,33.2,11.05,2.0,12.0,34.32,100.0,LOW
vid008_low.mp4,56.43,22.11,37.26,28.92,8.31,0.0,25.41,48.05,LOW
vid008_low.mp4,61.57,25.76,39.78,27.66,4.64,24.0,16.1,100.0,LOW
vid008_low.mp4,66.7,18.93,40.81,16.03,3.14,12.0,28.03,100.0,LOW
vid008_low.mp4,71.83,10.56,43.99,1.06,0.22,0.0,0.51,2.18,LOW
vid008_low.mp4,76.97,10.72,43.98,0.8,0.14,0.0,0.37,1.58,LOW
vid008_low.mp4,82.1,10.9,44.06,0.86,0.15,0.0,0.71,1.9,LOW
vid008_low.mp4,87.23,11.17,43.93,0.56,0.1,0.0,0.37,1.29,LOW
vid008_low.mp4,92.37,11.94,43.8,5.05,0.83,12.0,14.33,93.21,LOW
vid008_low.mp4,97.5,29.97,44.45,43.69,9.66,48.0,23.91,57.52,LOW
vid008_low.mp4,102.63,21.9,43.94,32.54,8.54,48.0,59.05,100.0,LOW
vid008_low.mp4,107.77,11.33,40.26,13.74,3.71,24.0,30.47,67.34,LOW
vid008_low.mp4,112.9,12.58,39.37,20.88,2.4,12.0,28.43,59.92,LOW
vid008_low.mp4,118.03,16.79,39.97,23.93,1.17,0.0,4.69,31.1,LOW
vid008_low.mp4,123.17,14.37,44.55,39.14,5.15,36.0,27.29,78.95,LOW
vid008_low.mp4,128.3,13.1,45.33,7.41,0.81,0.0,2.08,21.66,LOW
vid008_low.mp4,133.43,13.22,45.59,2.93,0.64,0.0,2.02,6.45,LOW
vid008_low.mp4,138.57,14.29,45.37,15.75,1.13,0.0,4.02,32.65,LOW
vid008_low.mp4,143.7,11.55,46.59,10.46,1.52,12.0,15.8,94.47,LOW
vid008_low.mp4,148.83,10.07,48.75,1.89,0.26,0.0,1.02,3.48,LOW
vid008_low.mp4,153.97,10.12,48.82,2.72,0.38,0.0,0.88,4.89,LOW
vid008_low.mp4,159.1,9.12,49.4,9.78,1.44,0.0,4.46,24.7,LOW
vid008_low.mp4,164.23,10.74,53.93,11.16,1.25,12.0,8.98,69.82,LOW
vid008_low.mp4,169.37,12.26,57.11,28.43,2.56,72.0,24.08,90.92,LOW
vid008_low.mp4,174.5,18.25,54.61,71.56,18.46,240.0,59.65,100.0,LOW
vid008_low.mp4,179.63,44.0,48.75,9.63,3.86,12.0,48.17,100.0,LOW
vid008_low.mp4,184.77,37.01,44.34,16.21,4.0,12.0,54.42,100.0,LOW
vid008_low.mp4,189.9,21.53,49.66,6.72,0.59,0.0,1.36,14.03,LOW
vid008_low.mp4,195.03,19.06,48.7,15.02,1.21,0.0,2.27,22.6,LOW
vid008_low.mp4,200.17,14.27,51.96,18.42,3.86,12.0,19.75,82.76,LOW
vid008_low.mp4,205.3,6.89,53.98,1.36,0.22,0.0,0.82,1.93,LOW
vid008_low.mp4,210.43,6.65,54.11,1.28,0.26,0.0,1.94,2.66,LOW
vid008_low.mp4,215.57,9.38,54.4,5.06,0.61,12.0,8.11,81.89,LOW
vid008_low.mp4,220.7,26.34,55.77,2.47,0.26,0.0,0.87,3.37,LOW
vid008_low.mp4,225.83,26.7,55.23,1.33,0.24,0.0,0.94,2.38,LOW
vid008_low.mp4,230.97,26.58,54.89,0.34,0.11,0.0,0.77,1.25,LOW
vid008_low.mp4,236.1,26.57,54.81,0.24,0.03,0.0,0.17,0.92,LOW
vid008_low.mp4,241.23,26.54,54.81,0.29,0.05,0.0,0.23,1.13,LOW
vid008_low.mp4,246.37,26.55,54.81,0.28,0.04,0.0,0.19,1.13,LOW
vid008_low.mp4,251.5,26.57,54.37,1.03,0.19,0.0,0.54,2.04,LOW
vid008_low.mp4,256.63,26.51,54.36,1.13,0.24,0.0,0.54,2.64,LOW
vid008_low.mp4,261.77,29.02,45.47,8.26,3.53,12.0,69.19,100.0,LOW
vid008_low.mp4,266.9,30.76,37.61,14.35,2.96,12.0,26.6,98.85,LOW
vid008_low.mp4,272.03,17.84,37.99,17.34,0.85,0.0,2.71,30.3,LOW
vid008_low.mp4,277.17,21.37,39.49,21.47,1.36,12.0,8.93,97.46,LOW
vid008_low.mp4,282.3,21.92,40.46,6.06,0.98,0.0,2.43,9.82,LOW
vid008_low.mp4,287.43,20.7,42.59,2.46,0.43,0.0,1.95,4.48,LOW
vid008_low.mp4,292.57,21.01,43.09,1.51,0.23,0.0,0.66,2.44,LOW
vid009_low.mp4,0.0,39.92,69.15,9.4,5.14,12.0,100.0,100.0,LOW
vid009_low.mp4,5.1,28.38,28.44,10.96,0.76,0.0,2.84,20.19,LOW
vid009_low.mp4,10.23,25.58,26.36,8.91,0.61,0.0,2.3,14.72,LOW
vid009_low.mp4,15.37,24.88,26.19,4.7,0.48,0.0,1.37,8.29,LOW
vid009_low.mp4,20.5,34.79,50.52,11.14,4.96,12.0,100.0,100.0,LOW
vid009_low.mp4,25.63,35.73,56.24,13.25,4.09,12.0,77.86,100.0,LOW
vid009_low.mp4,30.77,31.64,44.86,3.79,0.91,0.0,2.87,6.53,LOW
vid009_low.mp4,35.9,34.38,58.99,16.6,6.52,12.0,100.0,100.0,LOW
vid009_low.mp4,41.03,33.61,71.91,10.68,1.28,0.0,1.96,17.25,LOW
vid009_low.mp4,46.17,49.82,37.14,21.43,7.54,12.0,100.0,100.0,LOW
vid009_low.mp4,51.3,49.47,36.2,18.83,1.93,0.0,8.35,28.72,LOW
vid009_low.mp4,56.43,46.65,44.28,22.29,3.16,0.0,7.05,33.76,LOW
vid009_low.mp4,61.57,25.37,40.66,10.63,3.18,12.0,43.35,89.12,LOW
vid009_low.mp4,66.7,21.0,42.9,9.41,2.8,12.0,45.73,100.0,LOW
vid009_low.mp4,71.83,19.48,49.18,5.17,0.36,0.0,0.89,8.64,LOW
vid009_low.mp4,76.97,30.61,39.02,8.97,3.67,12.0,73.23,99.84,LOW
vid009_low.mp4,82.1,34.82,35.94,9.79,2.85,12.0,49.25,98.29,LOW
vid009_low.mp4,87.23,29.81,44.78,2.4,0.38,0.0,0.91,3.27,LOW
vid009_low.mp4,92.37,37.46,51.19,8.59,2.88,12.0,49.3,100.0,LOW
vid009_low.mp4,97.5,45.51,57.43,3.37,0.27,0.0,1.17,6.22,LOW
vid009_low.mp4,102.63,48.54,61.9,7.94,1.19,12.0,18.99,100.0,LOW
vid009_low.mp4,107.77,44.42,55.27,7.88,3.68,12.0,74.45,100.0,LOW
vid009_low.mp4,112.9,40.24,47.6,1.73,0.18,0.0,0.41,2.46,LOW
vid009_low.mp4,118.03,40.01,60.67,15.52,3.51,12.0,69.25,100.0,LOW
vid009_low.mp4,123.17,45.27,61.15,9.33,1.81,12.0,30.71,100.0,LOW
vid009_low.mp4,128.3,49.43,57.78,3.32,0.38,0.0,1.35,5.31,LOW
vid009_low.mp4,133.43,43.86,39.07,8.53,4.83,12.0,100.0,100.0,LOW
vid009_low.mp4,138.57,36.89,34.35,10.76,1.38,12.0,18.24,100.0,LOW
vid009_low.mp4,143.7,19.32,38.49,5.26,0.52,0.0,1.93,11.64,LOW
vid009_low.mp4,148.83,21.3,33.05,8.47,2.34,12.0,37.27,100.0,LOW
vid009_low.mp4,153.97,21.97,29.46,5.01,0.75,0.0,2.45,6.18,LOW
vid009_low.mp4,159.1,21.77,30.12,8.34,0.96,0.0,3.71,12.4,LOW
vid009_low.mp4,164.23,22.5,31.19,4.06,0.57,0.0,1.93,6.74,LOW
vid009_low.mp4,169.37,22.65,31.25,6.5,0.92,0.0,2.8,12.09,LOW
vid009_low.mp4,174.5,22.23,31.33,8.85,0.94,0.0,4.28,16.22,LOW
vid009_low.mp4,179.63,22.09,31.24,4.6,0.56,0.0,2.3,8.84,LOW
vid009_low.mp4,184.77,22.03,29.82,3.93,1.04,0.0,2.62,6.9,LOW
vid009_low.mp4,189.9,24.88,37.34,9.78,4.4,12.0,85.53,100.0,LOW
vid009_low.mp4,195.03,24.78,48.92,4.89,0.59,0.0,2.79,7.57,LOW
vid009_low.mp4,200.17,40.93,49.68,22.42,1.96,12.0,5.69,97.4,LOW
vid009_low.mp4,205.3,46.65,44.43,11.96,4.75,12.0,91.0,100.0,LOW
vid009_low.mp4,210.43,50.31,33.69,5.29,0.36,0.0,1.0,7.26,LOW
vid009_low.mp4,215.57,33.99,37.21,11.22,1.44,12.0,22.55,100.0,LOW
vid009_low.mp4,220.7,25.07,42.5,10.97,5.23,12.0,100.0,100.0,LOW
vid009_low.mp4,225.83,15.78,60.8,5.3,0.72,0.0,2.12,8.51,LOW
vid009_low.mp4,230.97,30.74,61.72,16.03,0.84,12.0,5.31,100.0,LOW
vid009_low.mp4,236.1,41.13,62.55,13.67,2.48,12.0,41.73,100.0,LOW
vid009_low.mp4,241.23,49.11,70.93,4.61,0.45,0.0,2.19,9.05,LOW
vid009_low.mp4,246.37,32.6,56.38,21.92,5.17,12.0,100.0,100.0,LOW
vid009_low.mp4,251.5,16.28,41.06,33.42,0.74,0.0,1.75,46.91,LOW
vid009_low.mp4,256.63,23.77,46.6,13.16,1.89,12.0,24.71,93.84,LOW
vid009_low.mp4,261.77,26.66,42.79,12.09,3.1,12.0,50.51,100.0,LOW
vid009_low.mp4,266.9,29.03,37.04,7.07,1.02,0.0,2.56,10.38,LOW
vid009_low.mp4,272.03,41.12,55.93,14.21,5.2,12.0,100.0,100.0,LOW
vid009_low.mp4,277.17,36.17,53.51,11.43,5.12,12.0,100.0,100.0,LOW
vid009_low.mp4,282.3,10.89,31.93,2.82,0.32,0.0,2.27,6.08,LOW
vid009_low.mp4,287.43,33.76,31.73,6.42,0.62,12.0,5.61,87.19,LOW
vid009_low.mp4,292.57,38.0,28.13,7.52,4.94,12.0,97.13,100.0,LOW
vid010_low.mp4,0.0,43.33,87.72,4.9,4.87,12.0,100.0,100.0,LOW
vid010_low.mp4,5.1,31.08,65.66,5.45,0.6,0.0,1.47,7.27,LOW
vid010_low.mp4,10.23,30.82,69.23,9.53,0.98,0.0,1.8,11.23,LOW
vid010_low.mp4,15.37,27.88,67.3,14.76,0.75,0.0,2.52,17.85,LOW
vid010_low.mp4,20.5,27.93,65.0,22.03,1.26,0.0,3.4,25.06,LOW
vid010_low.mp4,25.63,26.52,58.29,19.75,3.49,12.0,43.71,86.83,LOW
vid010_low.mp4,30.77,25.14,57.51,14.61,1.48,0.0,4.15,17.86,LOW
vid010_low.mp4,35.9,29.31,58.76,20.07,0.98,0.0,3.05,23.14,LOW
vid010_low.mp4,41.03,40.05,65.69,19.29,4.34,12.0,65.33,100.0,LOW
vid010_low.mp4,46.17,39.97,65.8,25.24,2.69,0.0,14.16,49.26,LOW
vid010_low.mp4,51.3,48.45,82.59,31.92,7.07,60.0,21.53,53.02,LOW
vid010_low.mp4,56.43,66.91,94.34,16.0,0.93,0.0,2.74,31.76,LOW
vid010_low.mp4,61.57,83.15,94.11,5.96,1.52,0.0,3.27,9.2,LOW
vid010_low.mp4,66.7,43.56,79.84,14.26,6.88,12.0,98.2,87.77,LOW
vid010_low.mp4,71.83,36.6,66.25,24.61,3.25,0.0,11.94,33.61,LOW
vid010_low.mp4,76.97,52.23,58.54,42.11,7.87,72.0,23.85,62.48,LOW
vid010_low.mp4,82.1,59.59,62.46,38.37,4.85,24.0,22.34,64.97,LOW
vid010_low.mp4,87.23,66.83,74.26,38.17,8.88,60.0,27.75,77.03,LOW
vid010_low.mp4,92.37,39.11,61.23,41.64,10.0,60.0,51.67,87.87,LOW
vid010_low.mp4,97.5,56.11,67.07,15.93,1.62,12.0,5.94,83.1,LOW
vid010_low.mp4,102.63,60.27,65.09,16.19,2.06,0.0,5.1,27.38,LOW
vid010_low.mp4,107.77,63.4,64.94,22.88,2.49,0.0,10.42,45.53,LOW
vid010_low.mp4,112.9,66.22,67.07,12.41,0.81,0.0,1.99,17.8,LOW
vid010_low.mp4,118.03,66.58,67.09,10.42,1.0,0.0,2.55,12.99,LOW
vid010_low.mp4,123.17,62.63,64.38,11.22,1.04,0.0,2.31,14.59,LOW
vid010_low.mp4,128.3,51.79,63.58,12.66,2.07,0.0,6.87,47.74,LOW
vid010_low.mp4,133.43,27.35,74.38,9.81,3.8,0.0,7.16,12.81,LOW
vid010_low.mp4,138.57,16.09,91.25,6.63,2.54,0.0,8.63,14.5,LOW
vid010_low.mp4,143.7,43.34,95.87,4.09,0.42,0.0,1.3,8.28,LOW
vid010_low.mp4,148.83,49.13,95.15,6.93,0.73,0.0,2.14,12.88,LOW
vid010_low.mp4,153.97,30.8,94.23,4.69,0.82,0.0,2.19,7.64,LOW
vid010_low.mp4,159.1,61.31,97.07,2.2,0.68,0.0,1.81,3.27,LOW
vid010_low.mp4,164.23,51.08,83.86,6.31,4.75,12.0,100.0,100.0,LOW
vid010_low.mp4,169.37,21.94,59.21,6.59,0.5,0.0,2.92,17.79,LOW
vid010_low.mp4,174.5,22.72,58.13,8.59,0.49,0.0,1.27,15.59,LOW
vid010_low.mp4,179.63,25.0,59.12,13.46,0.62,0.0,1.51,21.6,LOW
vid010_low.mp4,184.77,27.29,59.81,11.97,0.56,0.0,1.23,18.79,LOW
vid010_low.mp4,189.9,27.91,59.32,9.92,0.4,0.0,0.95,14.4,LOW
vid010_low.mp4,195.03,27.06,60.2,11.67,0.67,12.0,4.52,58.49,LOW
vid010_low.mp4,200.17,25.18,61.14,12.1,0.46,0.0,1.49,20.53,LOW
vid010_low.mp4,205.3,23.91,61.18,13.48,0.56,0.0,1.39,19.13,LOW
vid010_low.mp4,210.43,23.78,60.09,11.45,0.77,0.0,2.16,15.9,LOW
vid010_low.mp4,215.57,23.95,59.04,8.35,0.63,0.0,2.05,17.64,LOW
vid010_low.mp4,220.7,32.85,65.48,10.79,4.56,12.0,86.89,100.0,LOW
vid010_low.mp4,225.83,41.55,81.6,15.68,3.4,0.0,9.26,32.04,LOW
vid010_low.mp4,230.97,70.81,63.06,11.48,8.35,12.0,89.7,100.0,LOW
vid010_low.mp4,236.1,83.66,54.75,14.03,3.78,0.0,7.97,22.0,LOW
vid010_low.mp4,241.23,68.78,65.66,12.24,2.93,12.0,46.05,71.26,LOW
vid010_low.mp4,246.37,80.5,83.61,15.8,3.75,0.0,10.59,28.02,LOW
vid010_low.mp4,251.5,40.82,57.23,29.08,22.68,48.0,100.0,100.0,LOW
vid010_low.mp4,256.63,26.47,51.43,11.63,0.41,0.0,1.07,14.84,LOW
vid010_low.mp4,261.77,24.62,53.94,12.26,1.78,12.0,28.0,60.23,LOW
vid010_low.mp4,266.9,23.91,54.21,5.98,0.45,0.0,1.46,8.53,LOW
vid010_low.mp4,272.03,27.79,56.23,10.08,5.05,12.0,95.95,100.0,LOW
vid010_low.mp4,277.17,43.64,71.61,15.56,1.53,0.0,4.04,25.73,LOW
vid010_low.mp4,282.3,44.63,76.16,21.47,2.96,0.0,9.16,32.19,LOW
vid010_low.mp4,287.43,44.33,77.58,22.98,1.97,0.0,4.46,33.99,LOW
vid010_low.mp4,292.57,49.07,76.68,14.57,2.36,0.0,7.38,20.61,LOW
vid011_low.mp4,0.0,44.72,85.69,5.11,5.04,12.0,100.0,100.0,LOW
vid011_low.mp4,5.1,52.14,48.36,5.81,0.37,0.0,0.88,6.92,LOW
vid011_low.mp4,10.23,46.68,45.0,15.04,4.77,12.0,81.2,100.0,LOW
vid011_low.mp4,15.37,25.34,37.87,21.95,4.37,12.0,39.66,100.0,LOW
vid011_low.mp4,20.5,21.39,45.66,9.75,1.57,0.0,4.46,12.72,LOW
vid011_low.mp4,25.63,35.41,40.37,26.56,9.95,12.0,62.57,100.0,LOW
vid011_low.mp4,30.77,33.12,39.5,19.48,4.91,12.0,36.39,91.99,LOW
vid011_low.mp4,35.9,35.63,33.6,9.24,0.54,0.0,1.11,11.18,LOW
vid011_low.mp4,41.03,32.84,33.87,10.57,0.7,0.0,2.05,11.76,LOW
vid011_low.mp4,46.17,27.75,50.53,14.97,5.09,12.0,97.05,100.0,LOW
vid011_low.mp4,51.3,26.28,57.83,11.15,0.6,0.0,1.3,12.51,LOW
vid011_low.mp4,56.43,26.56,56.74,11.2,0.78,0.0,2.24,13.16,LOW
vid011_low.mp4,61.57,37.96,48.02,20.32,6.51,12.0,100.0,100.0,LOW
vid011_low.mp4,66.7,52.86,32.27,18.13,2.05,0.0,6.04,24.78,LOW
vid011_low.mp4,71.83,49.52,46.76,10.37,6.76,12.0,100.0,100.0,LOW
vid011_low.mp4,76.97,68.95,52.94,15.87,12.35,36.0,100.0,100.0,LOW
vid011_low.mp4,82.1,36.45,34.16,53.21,33.38,132.0,100.0,100.0,LOW
vid011_low.mp4,87.23,26.12,44.04,17.69,1.42,0.0,3.87,24.28,LOW
vid011_low.mp4,92.37,13.94,52.4,10.84,4.56,12.0,69.28,96.73,LOW
vid011_low.mp4,97.5,13.36,53.77,5.17,1.1,0.0,6.68,7.64,LOW
vid011_low.mp4,102.63,15.06,40.98,8.13,5.14,12.0,100.0,100.0,LOW
vid011_low.mp4,107.77,19.66,32.57,7.24,1.1,12.0,8.32,100.0,LOW
vid011_low.mp4,112.9,28.51,32.59,6.07,1.77,0.0,6.77,30.72,LOW
vid011_low.mp4,118.03,23.6,34.48,34.22,8.19,12.0,78.32,100.0,LOW
vid011_low.mp4,123.17,39.19,19.88,16.26,1.08,0.0,2.43,21.5,LOW
vid011_low.mp4,128.3,32.29,33.1,19.73,5.77,12.0,100.0,100.0,LOW
vid011_low.mp4,133.43,22.64,48.16,8.42,0.52,0.0,1.23,9.52,LOW
vid011_low.mp4,138.57,25.6,45.86,5.13,0.91,12.0,13.57,85.24,LOW
vid011_low.mp4,143.7,24.94,45.41,6.54,2.21,0.0,12.44,15.79,LOW
vid011_low.mp4,148.83,18.34,37.49,9.83,3.28,12.0,53.4,75.74,LOW
vid011_low.mp4,153.97,17.98,32.87,11.01,1.12,0.0,5.94,12.86,LOW
vid011_low.mp4,159.1,12.11,33.99,11.69,2.49,12.0,26.9,58.34,LOW
vid011_low.mp4,164.23,7.11,37.5,8.01,0.51,0.0,1.9,12.66,LOW
vid011_low.mp4,169.37,14.83,34.71,17.02,3.37,12.0,56.45,99.59,LOW
vid011_low.mp4,174.5,35.92,25.76,9.03,0.85,0.0,2.67,11.52,LOW
vid011_low.mp4,179.63,39.56,23.72,7.53,0.64,0.0,4.16,13.65,LOW
vid011_low.mp4,184.77,48.32,17.27,29.75,9.18,12.0,100.0,100.0,LOW
vid011_low.mp4,189.9,17.26,53.41,12.81,0.9,0.0,2.32,14.71,LOW
vid011_low.mp4,195.03,17.4,52.65,10.32,1.23,0.0,2.74,14.23,LOW
vid011_low.mp4,200.17,17.98,52.19,12.74,3.34,0.0,26.44,35.3,LOW
vid011_low.mp4,205.3,34.98,59.19,26.04,9.33,72.0,100.0,100.0,LOW
vid011_low.mp4,210.43,43.99,52.83,33.43,8.1,24.0,35.38,58.98,LOW
vid011_low.mp4,215.57,47.99,56.96,24.64,9.32,12.0,30.02,54.82,LOW
vid011_low.mp4,220.7,22.7,45.59,9.76,4.35,12.0,84.94,100.0,LOW
vid011_low.mp4,225.83,17.0,42.76,14.31,3.91,24.0,35.88,100.0,LOW
vid011_low.mp4,230.97,16.11,45.44,21.67,4.17,0.0,23.39,33.38,LOW
vid011_low.mp4,236.1,18.24,42.15,20.02,9.12,12.0,98.12,100.0,LOW
vid011_low.mp4,241.23,33.15,31.94,50.48,5.84,132.0,13.54,71.81,LOW
vid011_low.mp4,246.37,23.56,25.36,8.9,5.97,12.0,100.0,100.0,LOW
vid011_low.mp4,251.5,19.91,17.67,4.42,0.56,0.0,1.12,5.1,LOW
vid011_low.mp4,256.63,17.34,19.32,5.28,0.58,0.0,1.74,6.53,LOW
vid011_low.mp4,261.77,20.81,20.71,10.24,1.81,12.0,16.67,93.97,LOW
vid011_low.mp4,266.9,48.04,25.33,8.44,1.0,0.0,3.2,16.07,LOW
vid011_low.mp4,272.03,42.74,32.01,14.4,5.9,12.0,100.0,100.0,LOW
vid011_low.mp4,277.17,37.3,43.54,13.88,1.41,0.0,6.6,20.03,LOW
vid011_low.mp4,282.3,34.68,42.61,14.94,4.27,12.0,66.91,100.0,LOW
vid011_low.mp4,287.43,4.06,27.82,15.44,2.96,0.0,8.06,23.57,LOW
vid011_low.mp4,292.57,4.11,29.65,16.56,3.02,0.0,12.03,23.04,LOW
vid012_low.mp4,0.0,43.81,39.81,12.27,4.73,12.0,30.76,62.91,LOW
vid012_low.mp4,5.1,51.82,28.06,11.97,1.19,0.0,4.07,21.73,LOW
vid012_low.mp4,10.23,51.35,29.44,8.8,0.83,0.0,1.98,13.71,LOW
vid012_low.mp4,15.37,50.37,27.42,14.18,2.03,0.0,10.32,37.44,LOW
vid012_low.mp4,20.5,44.34,24.94,3.47,0.72,0.0,2.78,28.14,LOW
vid012_low.mp4,25.63,43.97,24.86,2.03,0.19,0.0,0.53,2.91,LOW
vid012_low.mp4,30.77,43.81,25.04,1.72,0.2,0.0,0.56,2.77,LOW
vid012_low.mp4,35.9,44.1,24.86,1.82,0.36,0.0,2.4,5.55,LOW
vid012_low.mp4,41.03,44.61,24.34,1.14,0.21,0.0,1.32,4.61,LOW
vid012_low.mp4,46.17,44.3,24.5,1.55,0.29,0.0,1.98,3.87,LOW
vid012_low.mp4,51.3,43.08,25.0,2.33,0.33,0.0,1.39,5.12,LOW
vid012_low.mp4,56.43,43.83,24.61,1.92,0.21,0.0,0.92,4.12,LOW
vid012_low.mp4,61.57,43.78,24.34,1.93,0.2,0.0,0.94,4.08,LOW
vid012_low.mp4,66.7,44.01,24.48,2.32,0.23,0.0,0.53,4.54,LOW
vid012_low.mp4,71.83,44.04,24.43,2.03,0.18,0.0,0.57,4.95,LOW
vid012_low.mp4,76.97,43.96,24.42,2.95,0.34,0.0,0.99,5.72,LOW
vid012_low.mp4,82.1,43.8,24.61,3.18,0.33,0.0,0.88,5.71,LOW
vid012_low.mp4,87.23,42.35,25.3,4.88,0.51,0.0,1.37,10.1,LOW
vid012_low.mp4,92.37,41.58,25.42,3.42,0.36,0.0,1.28,6.07,LOW
vid012_low.mp4,97.5,36.32,31.73,10.81,5.28,0.0,44.79,49.64,LOW
vid012_low.mp4,102.63,26.5,43.29,6.22,0.62,0.0,2.78,10.9,LOW
vid012_low.mp4,107.77,27.17,43.05,5.37,0.26,0.0,1.29,8.67,LOW
vid012_low.mp4,112.9,26.96,42.65,5.69,0.42,0.0,1.55,8.95,LOW
vid012_low.mp4,118.03,27.1,42.45,5.09,0.37,0.0,0.95,8.3,LOW
vid012_low.mp4,123.17,29.82,39.46,10.87,4.56,24.0,44.06,58.9,LOW
vid012_low.mp4,128.3,51.59,23.51,6.46,0.67,0.0,3.2,18.68,LOW
vid012_low.mp4,133.43,50.5,23.63,3.04,0.37,0.0,1.6,8.7,LOW
vid012_low.mp4,138.57,51.88,23.02,10.71,0.88,0.0,3.34,19.87,LOW
vid012_low.mp4,143.7,62.42,46.91,18.32,10.55,36.0,100.0,99.39,LOW
vid012_low.mp4,148.83,74.68,64.69,7.85,1.55,0.0,9.16,17.02,LOW
vid012_low.mp4,153.97,66.9,62.6,12.66,6.71,24.0,54.52,71.28,LOW
vid012_low.mp4,159.1,9.64,42.36,7.81,0.73,0.0,2.11,15.97,LOW
vid012_low.mp4,164.23,10.19,43.85,24.22,4.54,0.0,10.89,41.82,LOW
vid012_low.mp4,169.37,14.71,58.65,14.9,3.01,12.0,11.5,54.56,LOW
vid012_low.mp4,174.5,22.19,63.86,3.86,0.8,0.0,3.68,6.43,LOW
vid012_low.mp4,179.63,22.42,59.78,10.84,5.22,12.0,50.8,51.24,LOW
vid012_low.mp4,184.77,28.38,43.09,7.04,0.65,0.0,1.77,10.49,LOW
vid012_low.mp4,189.9,22.47,48.87,10.0,4.57,12.0,45.97,54.28,LOW
vid012_low.mp4,195.03,14.1,60.16,2.54,0.32,0.0,0.88,3.64,LOW
vid012_low.mp4,200.17,13.67,59.69,2.07,0.37,0.0,1.18,3.07,LOW
vid012_low.mp4,205.3,13.61,60.24,2.11,0.38,0.0,1.1,3.48,LOW
vid012_low.mp4,210.43,13.67,60.36,2.37,0.39,0.0,1.35,5.6,LOW
vid012_low.mp4,215.57,13.52,59.95,3.15,0.44,0.0,1.57,6.35,LOW
vid012_low.mp4,220.7,13.18,59.84,2.22,0.4,0.0,1.38,3.59,LOW
vid012_low.mp4,225.83,12.68,57.27,8.1,7.17,24.0,80.31,73.92,LOW
vid012_low.mp4,230.97,17.6,25.73,3.18,1.14,0.0,17.77,23.63,LOW
vid012_low.mp4,236.1,17.34,25.68,0.84,0.11,0.0,0.33,1.91,LOW
vid012_low.mp4,241.23,17.07,25.8,1.47,0.22,0.0,0.72,2.95,LOW
vid012_low.mp4,246.37,16.8,26.09,2.23,0.72,0.0,10.76,28.62,LOW
vid012_low.mp4,251.5,35.05,38.89,36.93,10.59,36.0,34.61,66.95,LOW
vid012_low.mp4,256.63,31.62,43.74,35.93,6.31,48.0,19.49,69.4,LOW
vid012_low.mp4,261.77,30.1,41.66,30.02,4.42,0.0,15.27,42.73,LOW
vid012_low.mp4,266.9,12.22,38.88,18.95,3.99,12.0,26.17,51.24,LOW
vid012_low.mp4,272.03,6.41,35.93,14.74,0.92,0.0,2.95,22.35,LOW
vid012_low.mp4,277.17,6.64,30.9,16.44,1.59,0.0,4.27,25.5,LOW
vid012_low.mp4,282.3,41.53,41.37,6.42,2.69,0.0,27.74,43.45,LOW
vid012_low.mp4,287.43,44.95,42.49,1.27,0.22,0.0,0.54,2.79,LOW
vid012_low.mp4,292.57,45.32,42.02,1.23,0.31,0.0,1.96,2.88,LOW
vid013_low.mp4,0.0,8.26,3.82,9.9,1.02,0.0,5.62,17.75,LOW
vid013_low.mp4,5.1,23.49,10.95,28.94,3.76,0.0,24.7,43.07,LOW
vid013_low.mp4,10.23,24.83,10.55,26.51,3.32,0.0,16.67,45.26,LOW
vid013_low.mp4,15.37,25.24,9.57,19.71,2.3,0.0,11.51,33.14,LOW
vid013_low.mp4,20.5,24.61,10.08,36.11,1.36,72.0,6.66,54.88,LOW
vid013_low.mp4,25.63,16.86,7.46,33.06,4.23,24.0,9.58,55.84,LOW
vid013_low.mp4,30.77,15.2,6.49,15.2,2.23,0.0,12.8,36.66,LOW
vid013_low.mp4,35.9,29.39,12.95,34.53,3.85,24.0,9.98,60.79,LOW
vid013_low.mp4,41.03,14.89,6.29,18.71,3.27,12.0,18.76,55.27,LOW
vid013_low.mp4,46.17,18.81,8.5,19.38,2.7,0.0,14.78,43.59,LOW
vid013_low.mp4,51.3,23.48,10.78,24.32,1.91,0.0,7.22,33.82,LOW
vid013_low.mp4,56.43,22.69,10.72,24.97,2.03,0.0,6.44,37.45,LOW
vid013_low.mp4,61.57,11.26,5.87,18.61,4.09,24.0,12.98,53.89,LOW
vid013_low.mp4,66.7,22.21,12.24,35.77,11.76,36.0,23.17,77.93,LOW
vid013_low.mp4,71.83,22.66,13.18,38.27,7.73,60.0,26.47,83.77,LOW
vid013_low.mp4,76.97,8.48,4.9,13.51,3.3,0.0,17.35,33.1,LOW
vid013_low.mp4,82.1,21.67,11.44,22.63,2.88,0.0,11.88,37.74,LOW
vid013_low.mp4,87.23,17.73,9.98,25.96,4.79,24.0,17.68,69.78,LOW
vid013_low.mp4,92.37,4.28,2.99,11.06,2.64,0.0,14.3,30.43,LOW
vid013_low.mp4,97.5,7.77,5.8,32.34,5.51,24.0,21.29,50.71,LOW
vid013_low.mp4,102.63,7.49,5.69,27.19,6.43,24.0,18.59,77.22,LOW
vid013_low.mp4,107.77,8.28,5.39,27.38,5.24,36.0,17.29,88.6,LOW
vid013_low.mp4,112.9,9.42,5.71,15.5,8.5,0.0,24.88,24.55,LOW
vid013_low.mp4,118.03,10.01,6.29,18.69,4.46,0.0,16.19,37.11,LOW
vid013_low.mp4,123.17,12.91,4.46,14.61,1.76,0.0,12.29,40.37,LOW
vid014_low.mp4,0.0,17.53,8.54,1.18,0.77,0.0,2.85,7.75,LOW
vid014_low.mp4,5.11,18.58,14.81,12.73,2.13,0.0,5.75,18.4,LOW
vid014_low.mp4,10.24,19.47,18.58,13.81,2.46,0.0,7.25,20.61,LOW
vid014_low.mp4,15.38,18.15,14.57,7.09,0.8,0.0,3.66,10.0,LOW
vid014_low.mp4,20.52,17.41,16.51,12.19,1.37,0.0,3.41,18.59,LOW
vid014_low.mp4,25.66,17.6,20.04,17.02,1.41,0.0,3.41,21.52,LOW
vid014_low.mp4,30.8,18.08,18.95,13.76,0.77,0.0,1.78,16.86,LOW
vid014_low.mp4,35.94,16.74,17.08,9.1,1.42,0.0,3.1,11.87,LOW
vid014_low.mp4,41.07,16.92,17.77,13.59,1.53,0.0,4.79,15.94,LOW
vid014_low.mp4,46.21,16.67,16.52,9.93,0.79,0.0,2.49,13.58,LOW
vid014_low.mp4,51.35,16.75,17.98,18.89,1.37,0.0,2.84,27.75,LOW
vid014_low.mp4,56.49,18.16,16.21,26.25,1.37,0.0,4.14,31.79,LOW
vid014_low.mp4,61.63,18.19,12.27,12.6,1.16,0.0,2.95,20.43,LOW
vid014_low.mp4,66.77,17.64,14.67,7.48,1.5,0.0,3.06,9.33,LOW
vid014_low.mp4,71.91,17.73,17.05,9.7,0.44,0.0,1.57,12.88,LOW
vid014_low.mp4,77.04,17.95,18.74,14.88,0.9,0.0,2.84,17.53,LOW
vid014_low.mp4,82.18,17.74,11.11,7.02,1.85,0.0,4.41,12.02,LOW
vid014_low.mp4,87.32,17.85,11.73,2.43,1.14,0.0,1.95,4.17,LOW
vid014_low.mp4,92.46,17.13,12.34,3.78,0.95,0.0,2.62,4.57,LOW
vid014_low.mp4,97.6,17.79,19.19,9.4,3.27,0.0,7.95,14.95,LOW
vid014_low.mp4,102.74,19.64,24.52,18.35,1.19,0.0,2.59,19.99,LOW
vid014_low.mp4,107.87,18.96,17.25,16.87,2.54,0.0,7.21,26.47,LOW
vid014_low.mp4,113.01,18.09,10.03,4.03,2.03,0.0,5.57,9.46,LOW
vid014_low.mp4,118.15,19.85,21.9,16.08,2.99,0.0,8.12,19.46,LOW
vid014_low.mp4,123.29,18.87,21.35,15.13,1.84,0.0,5.18,20.03,LOW
vid014_low.mp4,128.43,17.38,15.98,15.3,0.43,0.0,1.49,22.68,LOW
vid014_low.mp4,133.57,17.16,14.31,11.77,3.21,0.0,11.89,23.29,LOW
vid014_low.mp4,138.71,17.74,15.82,18.07,0.24,0.0,0.78,23.12,LOW
vid014_low.mp4,143.84,17.44,11.17,7.05,2.64,0.0,10.95,22.89,LOW
vid014_low.mp4,148.98,17.75,10.81,11.66,0.2,0.0,0.59,14.38,LOW
vid014_low.mp4,154.12,18.44,12.39,4.76,2.67,0.0,8.42,14.15,LOW
vid014_low.mp4,159.26,20.36,15.43,17.35,0.26,0.0,0.77,20.23,LOW
vid014_low.mp4,164.4,17.19,12.2,4.83,3.25,0.0,10.11,18.65,LOW
vid014_low.mp4,169.54,16.98,13.47,14.69,0.35,0.0,1.96,16.57,LOW
vid014_low.mp4,174.67,16.91,11.58,4.82,2.49,0.0,7.88,10.74,LOW
vid014_low.mp4,179.81,17.09,12.54,18.45,0.71,0.0,6.12,21.44,LOW
vid014_low.mp4,184.95,17.39,15.85,4.74,2.05,0.0,6.04,11.26,LOW
vid014_low.mp4,190.09,17.88,21.14,15.43,1.09,0.0,3.54,22.05,LOW
vid014_low.mp4,195.23,17.56,25.69,27.51,0.97,0.0,2.63,34.03,LOW
vid014_low.mp4,200.37,17.2,25.0,25.85,1.1,0.0,3.36,34.7,LOW
vid014_low.mp4,205.51,17.36,20.81,14.78,0.89,0.0,2.31,20.74,LOW
vid014_low.mp4,210.64,17.66,15.15,5.22,2.67,0.0,22.73,19.32,LOW
vid014_low.mp4,215.78,18.14,9.69,4.14,1.58,0.0,5.77,10.46,LOW
vid014_low.mp4,220.92,18.75,18.03,16.71,1.47,0.0,6.27,20.39,LOW
vid014_low.mp4,226.06,19.59,16.71,9.85,3.08,0.0,7.18,16.18,LOW
vid014_low.mp4,231.2,18.09,14.51,7.18,0.5,0.0,2.07,10.8,LOW
vid014_low.mp4,236.34,17.35,18.92,15.89,1.36,0.0,3.55,19.44,LOW
vid014_low.mp4,241.47,18.11,18.81,15.46,1.07,0.0,3.11,21.52,LOW
vid014_low.mp4,246.61,17.77,19.24,12.57,1.47,0.0,3.1,16.88,LOW
vid014_low.mp4,251.75,16.75,16.7,10.16,1.2,0.0,3.6,15.17,LOW
vid014_low.mp4,256.89,16.83,16.96,11.3,1.2,0.0,4.78,15.93,LOW
vid014_low.mp4,262.03,16.81,17.23,12.34,1.07,0.0,2.64,17.42,LOW
vid014_low.mp4,267.17,17.52,17.77,24.5,1.17,0.0,2.38,31.39,LOW
vid014_low.mp4,272.31,18.32,14.76,22.41,1.25,0.0,4.0,31.81,LOW
vid014_low.mp4,277.44,17.75,12.76,8.94,1.59,0.0,3.2,13.17,LOW
vid014_low.mp4,282.58,17.77,15.58,7.7,0.78,0.0,2.2,9.23,LOW
vid014_low.mp4,287.72,17.8,17.79,11.73,0.58,0.0,1.4,15.18,LOW
vid014_low.mp4,292.86,17.89,16.66,13.45,2.08,0.0,4.5,17.61,LOW
vid015_low.mp4,0.0,33.51,40.74,3.88,0.25,0.0,0.81,4.87,LOW
vid015_low.mp4,5.1,33.9,40.45,2.63,0.37,0.0,1.87,4.61,LOW
vid015_low.mp4,10.23,34.62,40.0,1.73,0.18,0.0,1.38,4.35,LOW
vid015_low.mp4,15.37,34.56,40.04,1.8,0.16,0.0,0.36,2.95,LOW
vid015_low.mp4,20.5,28.68,45.72,7.98,1.9,12.0,30.8,81.41,LOW
vid015_low.mp4,25.63,28.38,45.85,8.56,0.93,0.0,2.72,16.82,LOW
vid015_low.mp4,30.77,27.98,40.9,11.27,4.94,12.0,89.04,100.0,LOW
vid015_low.mp4,35.9,24.14,28.97,3.41,0.36,0.0,1.07,5.73,LOW
vid015_low.mp4,41.03,23.09,29.77,3.93,0.37,0.0,0.87,5.43,LOW
vid015_low.mp4,46.17,22.6,30.99,5.55,0.71,0.0,2.79,13.06,LOW
vid015_low.mp4,51.3,21.61,32.09,5.99,0.51,0.0,1.49,8.75,LOW
vid015_low.mp4,56.43,20.82,32.66,4.1,0.37,0.0,1.2,6.67,LOW
vid015_low.mp4,61.57,20.51,33.09,3.81,0.36,0.0,2.19,5.44,LOW
vid015_low.mp4,66.7,23.41,36.38,13.21,1.35,12.0,15.81,100.0,LOW
vid015_low.mp4,71.83,24.69,36.56,9.57,0.9,0.0,4.47,17.93,LOW
vid015_low.mp4,76.97,26.11,37.52,17.22,1.54,0.0,7.89,31.99,LOW
vid015_low.mp4,82.1,32.08,39.84,18.63,1.35,24.0,7.41,79.72,LOW
vid015_low.mp4,87.23,33.63,40.72,3.04,0.33,0.0,1.93,5.0,LOW
vid015_low.mp4,92.37,34.32,40.25,2.22,0.2,0.0,1.17,4.35,LOW
vid015_low.mp4,97.5,34.64,40.01,1.73,0.12,0.0,0.46,3.16,LOW
vid015_low.mp4,102.63,30.74,43.82,7.26,1.8,12.0,30.44,81.47,LOW
vid015_low.mp4,107.77,28.36,45.96,5.9,0.62,0.0,1.68,10.99,LOW
vid015_low.mp4,112.9,28.76,45.59,9.93,1.07,0.0,3.88,16.22,LOW
vid015_low.mp4,118.03,25.07,30.32,7.45,4.47,12.0,88.98,100.0,LOW
vid015_low.mp4,123.17,23.42,29.46,4.02,0.3,0.0,0.72,5.57,LOW
vid015_low.mp4,128.3,22.59,30.61,4.07,0.47,0.0,1.04,7.95,LOW
vid015_low.mp4,133.43,22.28,31.63,7.01,0.79,0.0,3.38,12.67,LOW
vid015_low.mp4,138.57,20.8,32.6,4.67,0.32,0.0,0.96,7.45,LOW
vid015_low.mp4,143.7,21.05,32.89,3.64,0.41,0.0,1.38,4.94,LOW
vid015_low.mp4,148.83,22.16,34.98,10.62,1.23,12.0,16.29,100.0,LOW
vid015_low.mp4,153.97,24.31,36.59,10.52,0.83,0.0,2.31,19.43,LOW
vid015_low.mp4,159.1,25.5,37.62,11.41,0.88,0.0,2.1,23.32,LOW
vid015_low.mp4,164.23,29.61,38.36,26.62,2.4,24.0,9.12,79.45,LOW
vid015_low.mp4,169.37,33.51,40.77,3.73,0.32,0.0,1.29,5.04,LOW
vid015_low.mp4,174.5,34.29,40.22,2.47,0.23,0.0,1.7,3.31,LOW
vid015_low.mp4,179.63,34.8,39.87,1.63,0.16,0.0,1.02,4.39,LOW
vid015_low.mp4,184.77,32.98,41.71,6.32,1.57,12.0,30.75,81.26,LOW
vid015_low.mp4,189.9,28.4,45.97,4.48,0.57,0.0,1.37,10.05,LOW
vid015_low.mp4,195.03,28.71,45.57,10.01,1.27,0.0,4.12,18.81,LOW
vid015_low.mp4,200.17,26.54,36.49,9.3,4.49,12.0,88.66,100.0,LOW
vid015_low.mp4,205.3,23.84,29.16,3.62,0.29,0.0,0.73,4.88,LOW
vid015_low.mp4,210.43,22.54,30.16,3.66,0.36,0.0,1.01,5.81,LOW
vid015_low.mp4,215.57,22.48,31.24,6.78,0.86,0.0,2.27,13.85,LOW
vid015_low.mp4,220.7,21.19,32.43,5.35,0.4,0.0,1.09,7.08,LOW
vid015_low.mp4,225.83,20.9,32.79,3.77,0.33,0.0,1.33,5.0,LOW
vid015_low.mp4,230.97,20.86,33.51,8.36,1.07,12.0,16.92,100.0,LOW
vid015_low.mp4,236.1,24.06,37.02,11.64,0.91,0.0,3.39,19.55,LOW
vid015_low.mp4,241.23,24.95,36.86,7.81,0.73,0.0,2.03,13.57,LOW
vid015_low.mp4,246.37,27.18,37.57,26.97,2.36,24.0,8.07,56.9,LOW
vid015_low.mp4,251.5,33.3,40.64,8.92,0.95,12.0,9.31,78.43,LOW
vid015_low.mp4,256.63,33.91,40.49,2.67,0.33,0.0,1.71,3.65,LOW
vid015_low.mp4,261.77,34.67,39.99,1.79,0.12,0.0,0.52,4.09,LOW
vid015_low.mp4,266.9,34.58,40.01,1.74,0.15,0.0,0.35,2.93,LOW
vid015_low.mp4,272.03,29.02,45.45,7.83,1.94,12.0,30.58,81.2,LOW
vid015_low.mp4,277.17,28.41,45.85,8.47,0.9,0.0,2.94,16.84,LOW
vid015_low.mp4,282.3,28.13,41.69,11.44,5.06,12.0,89.13,100.0,LOW
vid015_low.mp4,287.43,24.29,28.93,3.26,0.36,0.0,1.08,4.25,LOW
vid015_low.mp4,292.57,23.12,29.73,3.97,0.36,0.0,0.81,5.87,LOW
vid016_low.mp4,0.0,40.38,95.27,1.23,0.68,0.0,4.75,8.74,LOW
vid016_low.mp4,5.1,55.93,91.86,2.0,1.45,0.0,3.8,3.22,LOW
vid016_low.mp4,10.23,56.89,89.77,3.08,0.23,0.0,0.55,4.04,LOW
vid016_low.mp4,15.37,57.09,89.76,3.08,0.23,0.0,0.52,3.97,LOW
vid016_low.mp4,20.5,57.44,89.99,2.42,0.36,0.0,0.87,4.3,LOW
vid016_low.mp4,25.63,56.99,90.67,0.81,0.21,0.0,0.84,2.13,LOW
vid016_low.mp4,30.77,56.37,90.12,2.56,0.07,0.0,0.27,3.52,LOW
vid016_low.mp4,35.9,56.44,90.14,2.52,0.07,0.0,0.26,3.36,LOW
vid016_low.mp4,41.03,56.93,90.77,0.58,0.16,0.0,0.48,2.46,LOW
vid016_low.mp4,46.17,57.5,90.81,0.79,0.1,0.0,0.41,2.02,LOW
vid016_low.mp4,51.3,57.97,89.5,4.02,0.49,0.0,1.45,6.36,LOW
vid016_low.mp4,56.43,58.5,88.9,5.17,0.22,0.0,0.78,7.33,LOW
vid016_low.mp4,61.57,58.09,89.47,3.87,0.61,0.0,1.93,7.9,LOW
vid016_low.mp4,66.7,55.71,89.82,2.07,0.49,0.0,1.4,4.61,LOW
vid016_low.mp4,71.83,54.72,88.73,3.52,0.08,0.0,0.19,5.86,LOW
vid016_low.mp4,76.97,54.59,88.74,4.54,0.06,0.0,0.17,6.2,LOW
vid016_low.mp4,82.1,56.63,90.36,1.45,0.5,0.0,2.18,4.66,LOW
vid016_low.mp4,87.23,56.38,90.8,0.78,0.23,0.0,1.34,2.92,LOW
vid016_low.mp4,92.37,53.75,89.69,2.78,0.18,0.0,0.4,4.45,LOW
vid016_low.mp4,97.5,53.39,89.46,3.7,0.09,0.0,0.19,5.23,LOW
vid016_low.mp4,102.63,55.12,90.21,2.23,0.36,0.0,1.24,5.06,LOW
vid016_low.mp4,107.77,57.08,90.29,1.75,0.23,0.0,0.66,3.43,LOW
vid016_low.mp4,112.9,56.87,89.93,3.29,0.06,0.0,0.4,4.94,LOW
vid016_low.mp4,118.03,56.56,90.38,2.37,0.32,0.0,0.71,3.11,LOW
vid016_low.mp4,123.17,56.94,90.88,0.56,0.21,0.0,2.13,2.89,LOW
vid016_low.mp4,128.3,56.17,90.01,2.68,0.14,0.0,0.9,3.93,LOW
vid016_low.mp4,133.43,56.15,89.99,2.44,0.08,0.0,0.17,3.81,LOW
vid016_low.mp4,138.57,56.67,90.07,2.05,0.15,0.0,0.41,3.44,LOW
vid016_low.mp4,143.7,57.17,90.8,0.43,0.14,0.0,0.35,1.21,LOW
vid016_low.mp4,148.83,57.92,90.26,2.05,0.52,0.0,1.27,4.52,LOW
vid016_low.mp4,153.97,57.95,88.94,4.72,0.12,0.0,0.3,5.88,LOW
vid016_low.mp4,159.1,57.74,89.52,3.18,0.43,0.0,1.3,5.42,LOW
vid016_low.mp4,164.23,57.25,90.82,0.39,0.21,0.0,0.92,1.73,LOW
vid016_low.mp4,169.37,57.18,89.22,3.5,0.33,0.0,1.01,5.29,LOW
vid016_low.mp4,174.5,56.86,88.53,6.72,0.12,0.0,0.47,8.25,LOW
vid016_low.mp4,179.63,57.18,88.57,5.97,0.19,0.0,1.35,7.53,LOW
vid016_low.mp4,184.77,57.17,90.4,1.71,0.71,0.0,1.64,4.29,LOW
vid016_low.mp4,189.9,56.41,89.14,4.12,0.2,0.0,0.79,6.7,LOW
vid016_low.mp4,195.03,56.24,89.05,4.99,0.13,0.0,0.33,6.65,LOW
vid016_low.mp4,200.17,56.93,90.12,2.32,0.4,0.0,0.78,5.9,LOW
vid016_low.mp4,205.3,56.88,90.86,0.26,0.1,0.0,0.47,0.95,LOW
vid016_low.mp4,210.43,53.89,88.48,4.34,0.89,0.0,1.62,9.03,LOW
vid016_low.mp4,215.57,54.17,86.43,8.01,0.34,0.0,1.01,11.04,LOW
vid016_low.mp4,220.7,56.62,89.8,2.64,0.88,0.0,2.23,6.8,LOW
vid016_low.mp4,225.83,56.91,90.25,2.06,0.42,0.0,1.52,6.39,LOW
vid016_low.mp4,230.97,56.3,89.04,5.26,0.07,0.0,0.16,7.31,LOW
vid016_low.mp4,236.1,56.33,89.1,5.03,0.18,0.0,0.45,6.82,LOW
vid016_low.mp4,241.23,56.62,90.43,2.67,0.43,0.0,1.2,6.24,LOW
vid016_low.mp4,246.37,57.41,90.56,0.94,0.19,0.0,0.42,2.79,LOW
vid016_low.mp4,251.5,57.6,90.1,2.0,0.06,0.0,0.13,2.8,LOW
vid016_low.mp4,256.63,57.6,90.13,2.03,0.05,0.0,0.16,2.63,LOW
vid016_low.mp4,261.77,57.11,90.7,0.89,0.21,0.0,0.69,1.98,LOW
vid016_low.mp4,266.9,56.11,90.72,1.0,0.17,0.0,0.49,2.26,LOW
vid016_low.mp4,272.03,55.91,89.93,2.6,0.15,0.0,0.47,4.15,LOW
vid016_low.mp4,277.17,56.54,90.3,1.68,0.22,0.0,0.73,4.09,LOW
vid016_low.mp4,282.3,57.21,90.9,0.22,0.04,0.0,0.19,0.92,LOW
vid016_low.mp4,287.43,57.48,90.14,2.57,0.77,0.0,1.8,7.04,LOW
vid016_low.mp4,292.57,56.46,88.98,6.18,0.32,0.0,0.97,8.82,LOW
vid017_low.mp4,0.0,29.67,44.49,0.06,0.01,0.0,0.06,1.01,LOW
vid017_low.mp4,5.1,29.88,43.57,3.57,2.6,0.0,12.87,17.55,LOW
vid017_low.mp4,10.23,28.06,49.35,9.02,3.8,0.0,20.61,31.15,LOW
vid017_low.mp4,15.37,24.32,43.13,6.23,5.14,12.0,89.28,88.01,LOW
vid017_low.mp4,20.5,29.46,32.32,8.89,8.57,24.0,100.0,91.67,LOW
vid017_low.mp4,25.63,27.05,28.91,10.92,8.46,24.0,100.0,100.0,LOW
vid017_low.mp4,30.77,27.54,40.89,11.16,5.78,24.0,78.53,73.13,LOW
vid017_low.mp4,35.9,31.44,29.6,15.06,6.66,24.0,40.75,57.61,LOW
vid017_low.mp4,41.03,39.61,31.89,5.17,4.73,12.0,100.0,100.0,LOW
vid017_low.mp4,46.17,31.89,41.97,5.76,5.89,12.0,74.35,72.89,LOW
vid017_low.mp4,51.3,42.02,17.47,12.1,10.92,24.0,100.0,100.0,LOW
vid017_low.mp4,56.43,23.72,32.45,14.74,10.23,36.0,70.13,66.88,LOW
vid017_low.mp4,61.57,27.2,33.53,4.41,4.57,12.0,100.0,94.38,LOW
vid017_low.mp4,66.7,24.29,30.5,4.55,3.64,12.0,79.93,100.0,LOW
vid017_low.mp4,71.83,28.19,23.26,6.3,0.54,0.0,2.65,36.47,LOW
vid017_low.mp4,76.97,34.14,20.45,8.5,1.76,0.0,16.18,39.99,LOW
vid017_low.mp4,82.1,62.33,15.54,6.28,0.55,0.0,3.37,9.46,LOW
vid017_low.mp4,87.23,20.94,40.72,17.93,14.87,60.0,100.0,73.62,LOW
vid017_low.mp4,92.37,27.99,26.21,12.7,14.04,24.0,100.0,93.37,LOW
vid017_low.mp4,97.5,25.79,18.58,13.35,6.08,24.0,52.08,67.6,LOW
vid017_low.mp4,102.63,34.67,53.94,13.26,10.5,12.0,56.56,55.39,LOW
vid017_low.mp4,107.77,15.08,36.75,5.89,3.58,0.0,17.76,27.49,LOW
vid017_low.mp4,112.9,4.44,49.5,3.09,2.54,12.0,55.24,66.98,LOW
vid017_low.mp4,118.03,4.9,48.01,2.57,2.11,12.0,46.13,55.49,LOW
vid017_low.mp4,123.17,13.59,37.0,12.68,8.72,12.0,61.03,67.44,LOW
vid017_low.mp4,128.3,15.38,36.76,10.57,6.25,12.0,100.0,100.0,LOW
vid017_low.mp4,133.43,19.05,32.43,9.61,6.86,12.0,100.0,93.06,LOW
vid017_low.mp4,138.57,31.29,20.19,3.14,0.47,0.0,0.9,3.39,LOW
vid017_low.mp4,143.7,29.37,25.76,19.33,8.55,48.0,54.79,76.49,LOW
vid017_low.mp4,148.83,21.25,29.69,23.42,13.73,24.0,100.0,96.77,LOW
vid017_low.mp4,153.97,15.05,35.61,17.71,10.04,12.0,100.0,93.32,LOW
vid017_low.mp4,159.1,11.18,35.84,6.03,1.4,0.0,11.03,41.15,LOW
vid017_low.mp4,164.23,24.65,31.4,9.43,3.33,0.0,38.5,49.39,LOW
vid017_low.mp4,169.37,30.34,36.77,9.89,8.78,12.0,43.68,67.77,LOW
vid017_low.mp4,174.5,8.14,39.37,4.7,2.06,12.0,33.21,52.22,LOW
vid017_low.mp4,179.63,8.16,39.38,2.57,0.56,0.0,3.5,6.59,LOW
vid017_low.mp4,184.77,6.79,41.98,7.35,3.09,12.0,53.85,67.86,LOW
vid017_low.mp4,189.9,3.54,36.79,12.99,5.63,0.0,24.7,27.54,LOW
vid017_low.mp4,195.03,7.73,35.01,5.13,1.23,12.0,5.03,57.92,LOW
vid017_low.mp4,200.17,9.69,34.8,13.54,12.84,0.0,42.83,49.98,LOW
vid017_low.mp4,205.3,11.74,45.52,17.81,16.53,36.0,100.0,100.0,LOW
vid017_low.mp4,210.43,9.65,28.88,0.26,0.24,0.0,5.16,5.6,LOW
vid017_low.mp4,215.57,9.38,29.66,5.51,1.77,0.0,7.98,21.36,LOW
vid017_low.mp4,220.7,9.93,34.2,16.66,16.59,12.0,42.77,50.9,LOW
vid017_low.mp4,225.83,7.73,35.22,6.4,1.52,0.0,9.25,39.28,LOW
vid017_low.mp4,230.97,4.98,42.55,2.45,2.16,12.0,47.32,52.88,LOW
vid017_low.mp4,236.1,4.1,46.16,0.54,0.05,0.0,1.03,11.81,LOW
vid017_low.mp4,241.23,9.13,33.85,3.61,3.13,12.0,67.92,77.55,LOW
vid017_low.mp4,246.37,5.85,42.82,9.41,9.31,24.0,91.95,78.48,LOW
vid017_low.mp4,251.5,11.8,38.61,5.34,6.2,12.0,94.29,81.76,LOW
vid017_low.mp4,256.63,6.51,39.54,4.11,3.14,12.0,65.68,75.31,LOW
vid017_low.mp4,261.77,18.6,39.54,9.27,7.98,24.0,60.1,62.87,LOW
vid017_low.mp4,266.9,9.68,32.36,0.08,0.02,0.0,0.2,0.63,LOW
vid017_low.mp4,272.03,9.49,28.74,6.06,2.09,0.0,9.3,21.46,LOW
vid017_low.mp4,277.17,29.18,42.88,7.19,5.3,0.0,27.45,32.8,LOW
vid017_low.mp4,282.3,38.42,58.13,10.01,5.45,0.0,15.45,30.26,LOW
vid017_low.mp4,287.43,44.38,58.52,4.32,1.65,0.0,16.83,36.48,LOW
vid017_low.mp4,292.57,40.59,59.2,3.35,0.77,12.0,8.64,60.18,LOW
vid018_low.mp4,0.0,32.42,56.23,13.18,1.15,12.0,6.88,56.22,LOW
vid018_low.mp4,5.1,24.04,53.63,17.31,3.58,12.0,16.71,53.22,LOW
vid018_low.mp4,10.23,21.8,44.71,36.41,6.77,24.0,90.96,100.0,LOW
vid018_low.mp4,15.37,19.15,48.69,7.73,4.68,12.0,97.9,100.0,LOW
vid018_low.mp4,20.5,23.41,51.11,30.41,2.96,12.0,6.79,61.01,LOW
vid018_low.mp4,25.63,25.48,46.52,21.79,12.48,36.0,100.0,100.0,LOW
vid018_low.mp4,30.77,14.38,45.41,4.19,2.16,12.0,42.79,59.96,LOW
vid018_low.mp4,35.9,9.9,44.88,7.67,4.07,24.0,86.92,97.82,LOW
vid018_low.mp4,41.03,6.67,33.8,4.49,3.98,12.0,87.44,98.31,LOW
vid018_low.mp4,46.17,10.42,46.5,0.1,0.01,0.0,0.04,1.28,LOW
vid018_low.mp4,51.3,9.49,44.04,7.47,3.96,12.0,84.33,96.25,LOW
vid018_low.mp4,56.43,8.77,38.17,9.64,6.01,24.0,79.97,95.87,LOW
vid018_low.mp4,61.57,13.07,43.62,4.52,2.08,12.0,45.54,96.0,LOW
vid018_low.mp4,66.7,10.96,45.8,2.59,0.51,12.0,7.23,53.47,LOW
vid018_low.mp4,71.83,8.03,39.57,7.33,5.58,24.0,61.26,81.17,LOW
vid018_low.mp4,76.97,15.04,44.78,9.07,8.13,24.0,100.0,100.0,LOW
vid018_low.mp4,82.1,14.48,49.47,5.48,1.96,12.0,39.14,100.0,LOW
vid018_low.mp4,87.23,14.73,46.51,3.54,0.32,12.0,4.26,58.35,LOW
vid018_low.mp4,92.37,16.39,40.56,4.96,3.96,12.0,84.56,92.63,LOW
vid018_low.mp4,97.5,17.28,29.03,4.55,3.32,0.0,41.61,46.97,LOW
vid018_low.mp4,102.63,11.51,45.34,10.61,5.12,0.0,46.79,47.44,LOW
vid018_low.mp4,107.77,12.34,46.01,3.15,1.22,0.0,7.13,13.33,LOW
vid018_low.mp4,112.9,12.5,33.93,18.55,9.64,12.0,100.0,93.2,LOW
vid018_low.mp4,118.03,15.61,43.85,9.24,6.48,12.0,49.99,57.8,LOW
vid018_low.mp4,123.17,18.2,35.06,3.85,2.6,12.0,47.37,75.7,LOW
vid018_low.mp4,128.3,18.19,31.49,0.05,0.01,0.0,0.06,0.92,LOW
vid019_low.mp4,0.0,25.42,88.02,8.67,4.41,12.0,66.37,54.36,LOW
vid019_low.mp4,5.21,28.16,89.47,7.07,1.31,0.0,16.62,28.24,LOW
vid019_low.mp4,10.21,27.57,88.54,9.85,0.82,0.0,8.56,28.61,LOW
vid019_low.mp4,15.21,18.89,88.77,6.83,3.21,12.0,54.9,50.98,LOW
vid019_low.mp4,20.46,10.33,92.0,6.1,7.01,12.0,74.71,61.61,LOW
vid019_low.mp4,25.46,24.45,82.28,2.48,0.21,0.0,1.3,24.87,LOW
vid019_low.mp4,30.46,24.34,80.19,2.8,0.88,0.0,12.6,34.49,LOW
vid019_low.mp4,35.46,22.97,83.14,7.34,4.02,0.0,47.46,48.12,LOW
vid019_low.mp4,40.46,29.23,82.08,13.48,3.11,0.0,18.08,43.58,LOW
vid019_low.mp4,45.46,28.53,78.48,20.91,2.98,12.0,20.42,59.08,LOW
vid019_low.mp4,50.46,32.77,79.34,10.89,5.03,24.0,48.57,76.42,LOW
vid019_low.mp4,55.46,29.15,85.74,1.42,0.43,0.0,4.94,16.85,LOW
vid019_low.mp4,60.46,24.31,85.19,1.69,0.27,0.0,2.96,15.33,LOW
vid019_low.mp4,65.71,21.44,82.58,3.79,1.08,0.0,17.11,35.99,LOW
vid019_low.mp4,70.71,28.58,81.55,9.14,2.79,0.0,16.56,38.15,LOW
vid019_low.mp4,75.71,28.93,81.18,3.25,0.38,0.0,3.16,24.23,LOW
vid019_low.mp4,80.71,26.58,82.81,6.36,2.72,0.0,21.52,38.15,LOW
vid019_low.mp4,85.71,23.56,79.91,3.74,1.08,0.0,14.32,31.71,LOW
vid019_low.mp4,90.71,26.75,83.37,3.01,1.01,0.0,18.13,41.81,LOW
vid019_low.mp4,95.71,30.14,86.53,3.87,0.77,0.0,10.14,34.23,LOW
vid019_low.mp4,100.71,25.52,89.14,2.35,0.79,0.0,13.49,34.69,LOW
vid019_low.mp4,105.71,22.38,90.2,4.22,0.96,0.0,14.17,37.81,LOW
vid019_low.mp4,110.71,29.09,89.23,6.84,0.45,0.0,1.47,30.91,LOW
vid019_low.mp4,115.71,23.79,88.82,4.99,0.82,0.0,13.41,41.78,LOW
vid019_low.mp4,120.71,23.2,86.58,10.0,0.51,0.0,2.64,39.18,LOW
vid019_low.mp4,125.71,20.99,89.36,11.95,1.54,0.0,18.64,40.36,LOW
vid019_low.mp4,130.71,17.81,91.02,2.19,0.28,0.0,2.53,31.2,LOW
vid019_low.mp4,135.71,19.33,91.0,2.36,0.17,0.0,1.3,30.35,LOW
vid019_low.mp4,140.71,20.57,91.05,2.65,0.26,0.0,2.81,28.75,LOW
vid019_low.mp4,145.71,15.56,86.29,14.55,2.45,0.0,33.04,49.16,LOW
vid019_low.mp4,150.71,26.13,88.93,5.02,2.64,0.0,33.73,48.87,LOW
vid019_low.mp4,155.71,25.9,89.15,1.66,0.46,0.0,7.85,26.47,LOW
vid019_low.mp4,160.71,20.82,89.54,2.26,0.37,0.0,5.45,37.03,LOW
vid019_low.mp4,165.71,24.91,86.6,5.04,2.53,0.0,23.09,46.71,LOW
vid019_low.mp4,170.71,33.27,81.68,7.66,2.27,12.0,32.72,55.49,LOW
vid019_low.mp4,175.71,23.38,84.28,8.57,0.95,0.0,7.77,40.28,LOW
vid019_low.mp4,180.71,19.44,87.05,9.03,2.4,12.0,37.57,55.85,LOW
vid019_low.mp4,185.71,29.27,85.19,5.68,2.64,0.0,33.19,42.32,LOW
vid019_low.mp4,190.71,30.58,81.24,4.63,0.8,12.0,11.21,56.3,LOW
vid019_low.mp4,195.71,27.29,82.53,7.5,2.69,12.0,47.29,61.03,LOW
vid019_low.mp4,200.71,24.29,87.61,2.9,0.63,0.0,9.06,34.79,LOW
vid019_low.mp4,205.71,26.2,85.09,3.76,1.71,0.0,26.26,47.97,LOW
vid019_low.mp4,210.71,30.34,79.88,0.71,0.15,0.0,0.41,1.21,LOW
vid019_low.mp4,215.71,30.95,81.65,3.39,1.75,0.0,21.13,42.65,LOW
vid019_low.mp4,220.71,33.65,86.45,2.3,1.4,0.0,26.35,34.5,LOW
vid019_low.mp4,225.71,30.73,85.73,3.41,2.09,0.0,23.48,26.6,LOW
vid019_low.mp4,230.71,29.78,85.97,4.68,1.44,0.0,8.16,22.72,LOW
vid019_low.mp4,235.71,30.83,86.42,1.72,0.21,0.0,0.63,2.5,LOW
vid019_low.mp4,240.71,31.55,86.43,6.19,2.2,0.0,17.34,31.34,LOW
vid019_low.mp4,245.71,28.83,85.35,7.06,4.12,12.0,43.59,50.47,LOW
vid019_low.mp4,250.71,25.17,83.9,2.86,1.76,0.0,20.58,31.94,LOW
vid019_low.mp4,255.71,20.58,84.88,8.02,2.45,0.0,33.26,43.85,LOW
vid019_low.mp4,260.96,24.06,87.84,4.17,1.0,0.0,13.45,25.54,LOW
vid019_low.mp4,265.96,27.41,86.03,7.65,2.2,12.0,32.38,50.45,LOW
vid019_low.mp4,270.96,24.29,83.53,10.54,2.5,0.0,13.78,29.35,LOW
vid019_low.mp4,275.96,25.37,83.98,5.13,1.59,0.0,14.39,28.34,LOW
vid019_low.mp4,280.96,24.93,80.64,9.34,2.36,0.0,22.61,44.11,LOW
vid019_low.mp4,285.96,22.58,78.62,10.81,2.67,12.0,28.41,53.66,LOW
vid019_low.mp4,290.96,22.14,81.6,4.46,0.48,0.0,3.78,32.72,LOW
vid020_low.mp4,0.0,68.94,30.34,8.86,1.74,0.0,4.71,14.29,LOW
vid020_low.mp4,5.1,79.07,20.22,20.23,8.47,24.0,92.02,86.09,LOW
vid020_low.mp4,10.23,75.39,19.2,17.16,7.09,0.0,39.55,44.08,LOW
vid020_low.mp4,15.37,61.64,19.2,10.91,2.28,12.0,9.63,51.55,LOW
vid020_low.mp4,20.5,53.38,22.2,18.1,8.38,24.0,48.79,66.12,LOW
vid021_low.mp4,0.0,32.61,62.4,0.84,0.08,0.0,0.22,1.48,LOW
vid021_low.mp4,5.1,32.44,62.21,1.37,0.11,0.0,0.35,2.21,LOW
vid021_low.mp4,10.23,32.49,62.1,1.52,0.11,0.0,0.48,2.22,LOW
vid021_low.mp4,15.37,32.57,62.24,1.02,0.07,0.0,0.22,2.09,LOW
vid021_low.mp4,20.5,32.19,62.17,0.89,0.15,0.0,0.52,1.71,LOW
vid021_low.mp4,25.63,31.92,61.95,0.9,0.1,0.0,0.29,1.64,LOW
vid021_low.mp4,30.77,32.12,62.06,0.83,0.09,0.0,0.25,1.42,LOW
vid021_low.mp4,35.9,31.94,62.12,0.89,0.11,0.0,0.37,1.71,LOW
vid021_low.mp4,41.03,32.04,61.73,0.99,0.06,0.0,0.28,1.58,LOW
vid021_low.mp4,46.17,32.2,61.62,1.15,0.09,0.0,0.24,1.79,LOW
vid021_low.mp4,51.3,31.93,62.01,1.21,0.14,0.0,0.52,2.53,LOW
vid021_low.mp4,56.43,31.94,62.26,0.94,0.07,0.0,0.16,1.81,LOW
vid021_low.mp4,61.57,32.59,62.0,0.78,0.11,0.0,0.39,1.61,LOW
vid021_low.mp4,66.7,32.41,61.88,0.86,0.07,0.0,0.34,1.74,LOW
vid021_low.mp4,71.83,32.46,61.9,0.9,0.07,0.0,0.2,1.71,LOW
vid021_low.mp4,76.97,32.5,62.14,0.78,0.14,0.0,0.33,1.88,LOW
vid021_low.mp4,82.1,32.88,61.87,2.28,0.16,0.0,0.5,3.32,LOW
vid021_low.mp4,87.23,32.71,61.79,2.5,0.09,0.0,0.21,3.04,LOW
vid021_low.mp4,92.37,32.69,61.84,2.37,0.1,0.0,0.27,2.98,LOW
vid021_low.mp4,97.5,33.05,62.07,2.04,0.11,0.0,0.4,2.99,LOW
vid021_low.mp4,102.63,32.54,62.25,0.45,0.08,0.0,0.41,1.59,LOW
vid021_low.mp4,107.77,32.28,61.98,0.63,0.14,0.0,0.46,1.46,LOW
vid021_low.mp4,112.9,32.52,61.71,0.72,0.08,0.0,0.4,2.01,LOW
vid021_low.mp4,118.03,32.38,61.98,0.4,0.1,0.0,0.21,1.14,LOW
vid021_low.mp4,123.17,32.21,62.18,0.28,0.04,0.0,0.1,0.91,LOW
vid021_low.mp4,128.3,32.23,62.04,0.59,0.11,0.0,0.28,1.78,LOW
vid021_low.mp4,133.43,31.72,61.62,1.43,0.09,0.0,0.27,2.49,LOW
vid021_low.mp4,138.57,32.43,61.32,1.83,0.07,0.0,0.27,2.57,LOW
vid021_low.mp4,143.7,32.26,61.41,1.86,0.16,0.0,0.33,2.86,LOW
vid021_low.mp4,148.83,32.11,62.08,0.67,0.11,0.0,0.39,1.66,LOW
vid021_low.mp4,153.97,32.44,62.18,0.56,0.07,0.0,0.23,1.44,LOW
vid021_low.mp4,159.1,32.27,62.08,0.67,0.1,0.0,0.38,1.21,LOW
vid021_low.mp4,164.23,32.46,62.0,1.0,0.12,0.0,0.61,2.06,LOW
vid021_low.mp4,169.37,32.55,61.98,0.7,0.07,0.0,0.28,1.22,LOW
vid021_low.mp4,174.5,32.5,62.04,0.31,0.02,0.0,0.07,1.01,LOW
vid021_low.mp4,179.63,32.26,61.96,0.48,0.08,0.0,0.37,1.31,LOW
vid021_low.mp4,184.77,32.33,61.96,0.44,0.05,0.0,0.17,1.24,LOW
vid021_low.mp4,189.9,32.4,62.0,0.45,0.04,0.0,0.11,1.05,LOW
vid021_low.mp4,195.03,32.53,62.08,0.37,0.05,0.0,0.19,0.76,LOW
vid021_low.mp4,200.17,32.46,62.17,0.31,0.06,0.0,0.23,0.96,LOW
vid021_low.mp4,205.3,32.6,62.08,0.59,0.05,0.0,0.15,1.36,LOW
vid021_low.mp4,210.43,32.49,62.02,0.63,0.06,0.0,0.15,1.57,LOW
vid021_low.mp4,215.57,32.49,62.03,0.72,0.07,0.0,0.29,1.79,LOW
vid021_low.mp4,220.7,32.66,62.15,0.56,0.08,0.0,0.25,0.98,LOW
vid021_low.mp4,225.83,32.48,62.3,0.4,0.07,0.0,0.24,1.05,LOW
vid021_low.mp4,230.97,32.53,62.34,1.08,0.08,0.0,0.52,2.3,LOW
vid021_low.mp4,236.1,32.28,62.17,0.89,0.08,0.0,0.2,1.73,LOW
vid021_low.mp4,241.23,32.37,62.12,0.97,0.08,0.0,0.42,1.73,LOW
vid021_low.mp4,246.37,32.45,62.25,1.06,0.08,0.0,0.25,1.83,LOW
vid021_low.mp4,251.5,32.39,62.29,0.69,0.16,0.0,0.64,1.56,LOW
vid021_low.mp4,256.63,31.91,61.74,0.84,0.19,0.0,0.27,1.78,LOW
vid021_low.mp4,261.77,32.15,61.23,1.61,0.08,0.0,0.19,2.37,LOW
vid021_low.mp4,266.9,31.84,61.28,1.67,0.16,0.0,0.48,2.11,LOW
vid021_low.mp4,272.03,31.72,61.8,1.49,0.1,0.0,0.26,2.25,LOW
vid021_low.mp4,277.17,32.09,62.03,0.94,0.1,0.0,0.38,2.06,LOW
vid021_low.mp4,282.3,31.96,62.07,0.64,0.06,0.0,0.2,1.54,LOW
vid021_low.mp4,287.43,31.75,62.0,0.86,0.1,0.0,0.43,1.55,LOW
vid021_low.mp4,292.57,31.85,62.02,0.72,0.05,0.0,0.23,1.41,LOW
vid022_low.mp4,0.0,42.95,85.2,5.91,5.51,12.0,100.0,100.0,LOW
vid022_low.mp4,5.1,26.14,51.83,9.57,2.32,0.0,8.63,14.64,LOW
vid022_low.mp4,10.23,12.06,57.93,11.29,1.81,12.0,9.84,100.0,LOW
vid022_low.mp4,15.37,30.47,58.43,7.27,1.69,12.0,25.41,88.74,LOW
vid022_low.mp4,20.5,31.88,51.58,16.0,3.08,12.0,38.95,94.05,LOW
vid022_low.mp4,25.63,18.52,48.89,18.22,1.93,12.0,10.23,98.01,LOW
vid022_low.mp4,30.77,28.37,49.78,6.7,1.34,0.0,5.07,17.45,LOW
vid022_low.mp4,35.9,22.01,54.81,25.64,7.31,12.0,62.73,86.27,LOW
vid022_low.mp4,41.03,10.13,48.48,24.7,1.6,12.0,7.65,55.33,LOW
vid022_low.mp4,46.17,14.64,63.67,11.62,5.24,12.0,95.9,88.66,LOW
vid022_low.mp4,51.3,15.68,52.18,21.93,8.49,12.0,100.0,100.0,LOW
vid022_low.mp4,56.43,17.31,46.13,17.39,4.23,0.0,22.63,34.01,LOW
vid022_low.mp4,61.57,16.51,63.66,11.61,7.04,12.0,95.19,100.0,LOW
vid022_low.mp4,66.7,4.84,64.05,7.82,4.74,12.0,64.69,62.77,LOW
vid022_low.mp4,71.83,10.79,60.5,14.89,6.1,12.0,73.29,89.86,LOW
vid022_low.mp4,76.97,27.48,70.64,1.16,0.18,0.0,0.85,3.14,LOW
vid022_low.mp4,82.1,27.58,49.19,29.81,15.59,36.0,100.0,100.0,LOW
vid022_low.mp4,87.23,30.56,31.13,8.23,4.12,0.0,49.77,44.59,LOW
vid022_low.mp4,92.37,5.67,48.5,22.41,9.3,24.0,53.95,64.69,LOW
vid022_low.mp4,97.5,11.49,54.52,11.69,4.63,12.0,80.12,100.0,LOW
vid022_low.mp4,102.63,16.76,58.38,5.75,1.13,12.0,10.53,63.67,LOW
vid022_low.mp4,107.77,20.6,54.26,7.99,4.95,12.0,94.98,100.0,LOW
vid022_low.mp4,112.9,26.26,39.07,26.1,4.84,24.0,32.92,58.33,LOW
vid022_low.mp4,118.03,23.85,55.57,8.95,1.75,12.0,13.42,74.57,LOW
vid022_low.mp4,123.17,14.22,60.34,7.18,2.68,12.0,26.88,65.76,LOW
vid022_low.mp4,128.3,10.72,64.38,7.14,2.62,12.0,44.68,65.9,LOW
vid022_low.mp4,133.43,11.41,61.67,7.06,1.35,0.0,6.0,8.88,LOW
vid022_low.mp4,138.57,9.45,56.97,4.28,1.85,12.0,35.47,82.08,LOW
vid022_low.mp4,143.7,19.0,56.58,18.78,2.39,12.0,8.51,85.0,LOW
vid022_low.mp4,148.83,14.95,57.71,20.01,5.34,12.0,35.54,64.23,LOW
vid022_low.mp4,153.97,2.88,63.71,2.86,0.33,0.0,0.87,5.91,LOW
vid022_low.mp4,159.1,18.65,58.91,9.29,2.45,12.0,21.62,99.4,LOW
vid022_low.mp4,164.23,21.62,56.4,9.67,5.27,12.0,100.0,100.0,LOW
vid022_low.mp4,169.37,20.53,18.7,5.58,1.59,0.0,11.67,11.77,LOW
vid022_low.mp4,174.5,24.77,46.27,9.11,5.89,12.0,100.0,100.0,LOW
vid022_low.mp4,179.63,15.03,55.07,23.06,3.22,12.0,32.2,87.51,LOW
vid022_low.mp4,184.77,12.55,54.53,25.38,2.89,12.0,24.5,73.5,LOW
vid022_low.mp4,189.9,23.24,49.79,10.35,1.55,0.0,18.51,24.65,LOW
vid022_low.mp4,195.03,33.01,25.66,17.26,5.47,12.0,100.0,100.0,LOW
vid022_low.mp4,200.17,74.06,52.73,5.72,4.84,12.0,100.0,100.0,LOW
vid022_low.mp4,205.3,54.4,58.08,12.42,5.93,12.0,54.63,100.0,LOW
vid022_low.mp4,210.43,34.32,47.35,13.45,8.46,12.0,89.83,100.0,LOW
vid022_low.mp4,215.57,13.91,52.77,8.53,0.61,12.0,3.42,73.25,LOW
vid022_low.mp4,220.7,4.43,52.51,15.61,1.64,12.0,15.96,83.48,LOW
vid022_low.mp4,225.83,22.65,50.09,1.04,0.22,0.0,2.8,4.39,LOW
vid022_low.mp4,230.97,26.14,50.14,6.89,0.81,12.0,5.63,100.0,LOW
vid022_low.mp4,236.1,49.7,56.15,8.61,5.11,0.0,15.37,15.7,LOW
vid022_low.mp4,241.23,10.63,54.29,7.71,3.5,12.0,46.49,100.0,LOW
vid022_low.mp4,246.37,2.66,54.61,11.57,2.24,12.0,23.88,55.64,LOW
vid022_low.mp4,251.5,0.99,53.58,13.28,1.26,0.0,6.0,24.92,LOW
vid022_low.mp4,256.63,6.5,54.9,14.97,2.06,0.0,20.96,45.69,LOW
vid022_low.mp4,261.77,13.11,58.38,18.0,0.85,0.0,6.46,19.69,LOW
vid022_low.mp4,266.9,12.62,51.31,8.49,2.34,12.0,34.53,91.65,LOW
vid022_low.mp4,272.03,7.97,45.67,15.53,5.74,12.0,52.67,95.88,LOW
vid022_low.mp4,277.17,11.22,47.27,11.1,1.51,12.0,16.89,100.0,LOW
vid022_low.mp4,282.3,16.24,53.59,12.65,5.5,12.0,100.0,100.0,LOW
vid022_low.mp4,287.43,19.98,67.44,11.58,5.51,12.0,100.0,100.0,LOW
vid022_low.mp4,292.57,17.08,33.55,0.81,0.13,0.0,0.36,0.92,LOW
vid023_low.mp4,0.0,42.14,83.77,5.09,5.0,12.0,100.0,100.0,LOW
vid023_low.mp4,5.1,12.63,35.08,7.5,0.81,0.0,3.11,18.01,LOW
vid023_low.mp4,10.23,28.92,47.88,8.84,3.81,12.0,72.49,97.8,LOW
vid023_low.mp4,15.37,25.65,46.74,6.07,1.36,12.0,24.43,100.0,LOW
vid023_low.mp4,20.5,22.76,45.04,6.63,0.94,12.0,10.64,100.0,LOW
vid023_low.mp4,25.63,12.01,42.18,2.7,0.35,0.0,0.85,3.3,LOW
vid023_low.mp4,30.77,19.9,36.71,10.82,3.29,12.0,52.83,100.0,LOW
vid023_low.mp4,35.9,29.97,27.44,4.87,0.67,0.0,1.86,9.96,LOW
vid023_low.mp4,41.03,19.23,34.95,19.35,3.6,12.0,43.89,100.0,LOW
vid023_low.mp4,46.17,18.43,40.07,25.98,5.12,24.0,64.41,100.0,LOW
vid023_low.mp4,51.3,20.04,46.73,15.7,1.69,0.0,4.25,28.34,LOW
vid023_low.mp4,56.43,13.97,46.06,19.77,2.99,24.0,7.52,100.0,LOW
vid023_low.mp4,61.57,19.37,46.31,12.46,1.5,12.0,19.16,100.0,LOW
vid023_low.mp4,66.7,26.98,49.22,10.61,1.34,12.0,17.99,100.0,LOW
vid023_low.mp4,71.83,16.15,45.57,19.78,1.65,0.0,4.1,29.55,LOW
vid023_low.mp4,76.97,15.63,41.19,14.57,2.28,12.0,31.83,90.24,LOW
vid023_low.mp4,82.1,30.01,49.63,11.46,3.02,12.0,58.65,93.1,LOW
vid023_low.mp4,87.23,35.25,53.49,4.7,0.35,0.0,2.51,5.74,LOW
vid023_low.mp4,92.37,34.19,53.98,5.12,0.27,0.0,0.79,6.26,LOW
vid023_low.mp4,97.5,33.98,52.95,10.0,0.53,12.0,2.28,100.0,LOW
vid023_low.mp4,102.63,41.74,54.29,9.95,0.69,0.0,1.92,21.94,LOW
vid023_low.mp4,107.77,25.0,47.75,25.79,4.42,24.0,44.88,100.0,LOW
vid023_low.mp4,112.9,9.95,47.81,11.99,3.47,12.0,63.47,79.43,LOW
vid023_low.mp4,118.03,9.8,52.95,12.02,3.23,12.0,54.76,100.0,LOW
vid023_low.mp4,123.17,10.8,38.1,23.66,3.45,0.0,11.88,29.42,LOW
vid023_low.mp4,128.3,12.72,48.99,14.17,5.19,12.0,38.6,73.25,LOW
vid023_low.mp4,133.43,18.76,44.86,1.99,0.18,0.0,0.7,5.59,LOW
vid023_low.mp4,138.57,17.46,45.02,3.59,0.29,0.0,0.71,5.19,LOW
vid023_low.mp4,143.7,13.69,38.01,9.07,3.89,12.0,67.0,94.24,LOW
vid023_low.mp4,148.83,22.54,41.47,33.3,22.2,48.0,100.0,100.0,LOW
vid023_low.mp4,153.97,16.12,41.13,19.2,5.36,12.0,100.0,100.0,LOW
vid023_low.mp4,159.1,22.1,48.33,18.78,6.07,12.0,100.0,100.0,LOW
vid023_low.mp4,164.23,39.82,67.55,1.02,0.19,0.0,0.52,1.76,LOW
vid023_low.mp4,169.37,35.19,60.72,8.27,5.25,12.0,100.0,100.0,LOW
vid023_low.mp4,174.5,17.68,30.88,18.03,3.67,0.0,9.96,29.41,LOW
vid023_low.mp4,179.63,24.17,37.9,20.26,6.86,12.0,100.0,100.0,LOW
vid023_low.mp4,184.77,30.82,47.84,6.21,0.49,0.0,2.11,11.48,LOW
vid023_low.mp4,189.9,30.63,48.21,5.44,0.52,0.0,1.28,9.21,LOW
vid023_low.mp4,195.03,27.95,50.1,10.39,2.23,12.0,31.15,100.0,LOW
vid023_low.mp4,200.17,26.7,50.73,3.65,0.48,0.0,1.89,7.32,LOW
vid023_low.mp4,205.3,16.26,31.31,10.12,6.29,12.0,100.0,100.0,LOW
vid023_low.mp4,210.43,16.25,33.41,24.07,3.43,36.0,14.45,100.0,LOW
vid023_low.mp4,215.57,15.11,41.96,26.5,9.04,12.0,32.3,52.15,LOW
vid023_low.mp4,220.7,8.37,33.1,11.76,4.88,12.0,92.36,100.0,LOW
vid023_low.mp4,225.83,13.58,36.55,10.84,4.64,12.0,87.77,95.55,LOW
vid023_low.mp4,230.97,30.54,49.8,1.11,0.2,0.0,0.68,1.84,LOW
vid023_low.mp4,236.1,18.19,57.15,9.04,2.71,12.0,42.78,82.25,LOW
vid023_low.mp4,241.23,14.06,58.69,12.17,5.52,12.0,100.0,100.0,LOW
vid023_low.mp4,246.37,11.89,44.05,11.8,0.68,0.0,2.32,36.11,LOW
vid023_low.mp4,251.5,11.91,39.03,17.54,3.96,12.0,57.77,94.59,LOW
vid023_low.mp4,256.63,6.39,31.59,5.14,0.81,0.0,5.04,10.47,LOW
vid023_low.mp4,261.77,5.04,32.56,4.64,0.43,0.0,1.56,10.99,LOW
vid023_low.mp4,266.9,8.17,35.29,9.81,1.86,12.0,30.55,100.0,LOW
vid023_low.mp4,272.03,21.05,41.23,4.72,0.26,0.0,0.65,6.13,LOW
vid023_low.mp4,277.17,28.67,41.95,6.3,0.47,12.0,3.09,82.73,LOW
vid023_low.mp4,282.3,33.86,42.71,6.09,0.75,0.0,1.33,10.31,LOW
vid023_low.mp4,287.43,34.45,44.27,7.67,0.71,0.0,2.13,10.94,LOW
vid023_low.mp4,292.57,31.94,38.57,14.01,2.32,12.0,27.36,100.0,LOW
vid024_low.mp4,0.0,71.33,18.77,8.62,5.52,0.0,35.13,35.21,LOW
vid024_low.mp4,5.1,77.04,14.29,7.4,1.05,0.0,2.16,11.19,LOW
vid024_low.mp4,10.23,76.44,15.25,9.38,1.02,0.0,3.0,13.05,LOW
vid024_low.mp4,15.37,77.31,14.33,4.62,0.31,0.0,0.9,5.49,LOW
vid024_low.mp4,20.5,75.95,14.84,5.7,0.37,0.0,1.87,8.55,LOW
vid024_low.mp4,25.63,76.26,14.57,6.3,0.69,0.0,1.98,9.21,LOW
vid024_low.mp4,30.77,77.63,13.33,3.74,0.08,0.0,0.24,4.55,LOW
vid024_low.mp4,35.9,77.81,13.34,4.24,0.07,0.0,0.16,4.62,LOW
vid024_low.mp4,41.03,76.39,14.94,7.62,1.32,0.0,3.3,9.98,LOW
vid024_low.mp4,46.17,74.6,15.98,12.52,5.62,0.0,51.18,46.97,LOW
vid024_low.mp4,51.3,79.06,12.96,2.69,0.24,0.0,0.8,3.25,LOW
vid024_low.mp4,56.43,75.69,14.86,6.04,0.68,0.0,1.63,11.12,LOW
vid024_low.mp4,61.57,73.85,15.89,8.53,0.63,0.0,1.72,11.06,LOW
vid024_low.mp4,66.7,76.98,14.05,5.27,0.19,0.0,0.67,7.0,LOW
vid024_low.mp4,71.83,75.75,15.13,5.78,0.84,0.0,1.59,7.9,LOW
vid024_low.mp4,76.97,76.14,14.74,4.04,0.09,0.0,0.31,4.54,LOW
vid024_low.mp4,82.1,75.71,15.04,4.9,0.55,0.0,1.73,8.03,LOW
vid024_low.mp4,87.23,73.92,16.03,8.13,0.77,0.0,2.01,10.4,LOW
vid024_low.mp4,92.37,77.82,13.69,4.93,0.41,0.0,1.04,6.45,LOW
vid024_low.mp4,97.5,78.05,14.03,4.12,0.32,0.0,0.73,5.1,LOW
vid024_low.mp4,102.63,76.78,14.52,7.44,0.35,0.0,0.87,9.76,LOW
vid024_low.mp4,107.77,77.59,14.09,4.94,1.23,0.0,3.3,9.66,LOW
vid024_low.mp4,112.9,74.4,17.65,9.48,0.71,0.0,2.81,11.07,LOW
vid024_low.mp4,118.03,73.76,18.15,10.31,1.01,0.0,2.18,14.56,LOW
vid024_low.mp4,123.17,76.8,16.49,7.11,1.07,0.0,2.55,11.92,LOW
vid024_low.mp4,128.3,77.93,15.11,4.75,0.75,0.0,1.98,7.95,LOW
vid024_low.mp4,133.43,75.75,17.15,7.78,0.31,0.0,1.54,8.38,LOW
vid024_low.mp4,138.57,77.26,14.88,4.9,0.36,0.0,1.53,6.41,LOW
vid024_low.mp4,143.7,77.65,14.83,4.79,0.65,0.0,1.5,5.71,LOW
vid024_low.mp4,148.83,79.3,13.01,2.61,0.28,0.0,1.0,3.32,LOW
vid024_low.mp4,153.97,78.87,13.22,2.55,0.04,0.0,0.09,3.05,LOW
vid024_low.mp4,159.1,76.52,14.22,5.93,0.85,0.0,2.82,10.99,LOW
vid024_low.mp4,164.23,70.17,16.03,10.52,1.29,0.0,2.96,11.89,LOW
vid024_low.mp4,169.37,74.25,14.45,5.5,1.78,0.0,4.36,7.75,LOW
vid024_low.mp4,174.5,75.48,15.08,7.45,1.19,0.0,2.79,9.43,LOW
vid024_low.mp4,179.63,78.36,13.37,3.65,0.72,0.0,2.54,5.59,LOW
vid024_low.mp4,184.77,76.45,14.64,5.05,0.34,0.0,1.01,6.52,LOW
vid024_low.mp4,189.9,73.3,16.32,7.93,0.25,0.0,1.02,9.0,LOW
vid024_low.mp4,195.03,74.48,15.98,6.27,0.79,0.0,1.85,7.84,LOW
vid024_low.mp4,200.17,73.83,16.47,7.11,0.12,0.0,0.62,7.53,LOW
vid024_low.mp4,205.3,77.42,15.18,8.42,1.25,0.0,2.48,10.9,LOW
vid024_low.mp4,210.43,77.47,14.13,7.88,0.61,0.0,3.58,9.86,LOW
vid024_low.mp4,215.57,76.47,14.58,4.29,0.78,0.0,2.37,6.43,LOW
vid024_low.mp4,220.7,76.08,14.96,5.28,0.18,0.0,0.61,7.77,LOW
vid024_low.mp4,225.83,74.53,16.18,7.25,0.58,0.0,1.66,10.9,LOW
vid024_low.mp4,230.97,75.89,15.19,6.43,0.75,0.0,2.45,12.11,LOW
vid024_low.mp4,236.1,77.55,14.09,4.73,0.24,0.0,0.67,5.97,LOW
vid024_low.mp4,241.23,75.76,15.38,5.93,0.89,0.0,1.22,7.6,LOW
vid024_low.mp4,246.37,77.0,14.32,3.6,0.1,0.0,0.24,4.0,LOW
vid024_low.mp4,251.5,77.04,14.3,3.62,0.13,0.0,1.1,4.41,LOW
vid024_low.mp4,256.63,75.95,15.07,9.83,0.94,0.0,3.98,12.49,LOW
vid024_low.mp4,261.77,78.79,13.44,5.44,0.55,0.0,1.84,7.8,LOW
vid024_low.mp4,266.9,78.48,12.97,1.62,0.08,0.0,0.27,2.0,LOW
vid024_low.mp4,272.03,77.56,13.14,1.83,0.07,0.0,0.24,2.29,LOW
vid024_low.mp4,277.17,77.66,13.04,1.81,0.24,0.0,0.62,2.45,LOW
vid024_low.mp4,282.3,73.77,15.7,7.54,0.82,0.0,1.7,9.22,LOW
vid024_low.mp4,287.43,71.51,16.81,10.02,0.13,0.0,0.34,11.39,LOW
vid024_low.mp4,292.57,70.83,17.68,11.22,0.96,0.0,2.34,13.94,LOW
vid025_low.mp4,0.0,1.46,2.15,2.02,0.96,0.0,2.92,10.58,LOW
vid025_low.mp4,5.1,8.02,8.42,15.76,1.86,0.0,4.72,20.46,LOW
vid025_low.mp4,10.23,7.55,9.35,14.59,2.64,0.0,5.85,20.98,LOW
vid025_low.mp4,15.37,5.36,5.23,4.92,0.5,0.0,4.34,7.86,LOW
vid025_low.mp4,20.5,9.95,8.44,14.33,2.18,0.0,4.99,24.77,LOW
vid025_low.mp4,25.63,13.54,15.49,29.71,1.49,0.0,2.56,36.79,LOW
vid025_low.mp4,30.77,8.68,14.61,23.82,0.92,0.0,2.39,29.63,LOW
vid025_low.mp4,35.9,6.94,11.75,13.42,1.54,0.0,3.66,18.85,LOW
vid025_low.mp4,41.03,3.82,11.12,17.02,0.72,0.0,2.98,18.48,LOW
vid025_low.mp4,46.17,3.87,10.11,11.47,0.16,0.0,1.46,12.56,LOW
vid025_low.mp4,51.3,7.49,11.53,15.44,1.69,0.0,3.49,20.36,LOW
vid025_low.mp4,56.43,5.19,7.17,17.16,1.86,0.0,4.73,20.98,LOW
vid025_low.mp4,61.57,5.9,2.51,8.52,0.91,0.0,2.76,11.84,LOW
vid025_low.mp4,66.7,3.64,4.03,8.18,1.02,0.0,2.07,12.06,LOW
vid025_low.mp4,71.83,5.13,6.05,12.88,0.44,0.0,1.92,16.48,LOW
vid025_low.mp4,76.97,7.86,8.06,20.73,0.7,0.0,1.97,23.07,LOW
vid025_low.mp4,82.1,5.01,3.97,9.25,1.08,0.0,2.92,17.15,LOW
vid025_low.mp4,87.23,5.71,5.35,2.75,0.99,0.0,2.19,4.09,LOW
vid025_low.mp4,92.37,7.01,5.41,3.64,0.8,0.0,2.91,4.61,LOW
vid025_low.mp4,97.5,5.09,10.79,11.12,2.52,0.0,7.02,20.62,LOW
vid025_low.mp4,102.63,5.12,14.29,19.86,0.79,0.0,2.23,21.96,LOW
vid025_low.mp4,107.77,6.61,8.45,18.32,2.37,0.0,6.72,27.32,LOW
vid025_low.mp4,112.9,2.13,1.72,3.79,1.85,0.0,4.06,10.45,LOW
vid025_low.mp4,118.03,7.19,5.35,13.57,0.32,0.0,2.7,14.38,LOW
vid025_low.mp4,123.17,2.06,2.44,5.6,2.46,0.0,7.61,13.53,LOW
vid025_low.mp4,128.3,4.87,12.95,23.66,2.01,0.0,9.26,26.63,LOW
vid025_low.mp4,133.43,6.96,9.3,18.29,3.17,0.0,9.05,26.88,LOW
vid025_low.mp4,138.57,3.77,1.35,1.65,0.9,0.0,3.0,7.1,LOW
vid025_low.mp4,143.7,7.59,8.21,15.41,1.86,0.0,4.92,20.28,LOW
vid025_low.mp4,148.83,10.87,9.5,14.95,2.57,0.0,5.81,20.85,LOW
vid025_low.mp4,153.97,5.85,5.28,5.05,0.6,0.0,4.48,8.76,LOW
vid025_low.mp4,159.1,10.13,8.21,13.78,2.18,0.0,5.26,23.95,LOW
vid025_low.mp4,164.23,14.22,15.5,29.67,1.44,0.0,2.81,36.47,LOW
vid025_low.mp4,169.37,8.92,14.6,24.18,0.89,0.0,2.37,29.46,LOW
vid025_low.mp4,174.5,6.03,11.86,13.49,1.52,0.0,3.26,18.81,LOW
vid025_low.mp4,179.63,4.42,11.15,17.07,0.66,0.0,2.94,18.39,LOW
vid025_low.mp4,184.77,3.68,10.1,11.46,0.2,0.0,1.37,13.22,LOW
vid025_low.mp4,189.9,6.28,11.51,15.22,1.63,0.0,3.81,20.52,LOW
vid025_low.mp4,195.03,4.93,7.39,17.47,1.89,0.0,4.65,21.0,LOW
vid025_low.mp4,200.17,3.68,2.51,8.49,0.83,0.0,2.77,11.78,LOW
vid025_low.mp4,205.3,6.41,3.95,8.11,1.02,0.0,2.9,12.26,LOW
vid025_low.mp4,210.43,5.18,6.01,12.8,0.47,0.0,2.08,15.79,LOW
vid025_low.mp4,215.57,8.55,8.07,20.67,0.57,0.0,1.66,22.87,LOW
vid025_low.mp4,220.7,5.57,4.08,9.66,1.16,0.0,2.9,17.54,LOW
vid025_low.mp4,225.83,5.91,5.24,2.75,0.99,0.0,2.16,4.05,LOW
vid025_low.mp4,230.97,8.66,5.48,3.68,0.76,0.0,2.67,4.32,LOW
vid025_low.mp4,236.1,5.6,10.5,10.67,2.54,0.0,6.86,19.61,LOW
vid025_low.mp4,241.23,4.24,14.35,19.82,0.73,0.0,2.02,21.17,LOW
vid025_low.mp4,246.37,6.68,8.69,18.62,2.45,0.0,6.8,27.2,LOW
vid025_low.mp4,251.5,1.84,1.7,3.82,1.76,0.0,4.11,10.76,LOW
vid025_low.mp4,256.63,3.99,5.32,13.4,0.31,0.0,3.7,13.85,LOW
vid025_low.mp4,261.77,5.41,2.44,5.73,2.33,0.0,6.55,14.02,LOW
vid025_low.mp4,266.9,4.85,12.75,23.23,2.23,0.0,9.71,26.52,LOW
vid025_low.mp4,272.03,6.94,9.66,18.99,3.19,0.0,10.55,26.86,LOW
vid025_low.mp4,277.17,3.39,1.52,1.97,0.94,0.0,2.97,8.03,LOW
vid025_low.mp4,282.3,5.82,8.51,15.89,1.82,0.0,4.8,20.46,LOW
vid025_low.mp4,287.43,10.5,9.28,14.52,2.7,0.0,5.7,20.83,LOW
vid025_low.mp4,292.57,5.73,5.21,4.87,0.45,0.0,4.04,7.42,LOW
vid026_low.mp4,0.0,45.64,86.66,2.89,1.09,0.0,8.4,19.89,LOW
vid026_low.mp4,5.1,42.28,83.45,5.3,4.62,12.0,100.0,100.0,LOW
vid026_low.mp4,10.23,70.13,43.54,17.84,0.94,0.0,2.1,21.49,LOW
vid026_low.mp4,15.37,34.05,38.61,25.17,5.22,12.0,44.93,100.0,LOW
vid026_low.mp4,20.5,26.77,38.81,15.19,2.27,12.0,23.42,100.0,LOW
vid026_low.mp4,25.63,16.96,43.79,39.79,9.84,84.0,50.28,100.0,LOW
vid026_low.mp4,30.77,23.48,46.91,38.98,5.71,48.0,86.78,100.0,LOW
vid026_low.mp4,35.9,18.53,51.62,17.79,2.06,12.0,14.79,87.17,LOW
vid026_low.mp4,41.03,15.05,29.59,19.86,5.57,12.0,100.0,100.0,LOW
vid026_low.mp4,46.17,16.32,32.73,14.04,2.92,12.0,48.12,63.08,LOW
vid026_low.mp4,51.3,15.97,53.34,21.16,6.94,24.0,100.0,100.0,LOW
vid026_low.mp4,56.43,26.03,60.14,20.67,3.1,12.0,7.52,100.0,LOW
vid026_low.mp4,61.57,36.45,49.54,10.85,5.39,12.0,100.0,100.0,LOW
vid026_low.mp4,66.7,34.94,41.59,33.98,10.83,48.0,100.0,100.0,LOW
vid026_low.mp4,71.83,18.17,65.9,34.26,15.32,96.0,100.0,100.0,LOW
vid026_low.mp4,76.97,24.93,52.22,10.49,5.63,12.0,100.0,100.0,LOW
vid026_low.mp4,82.1,28.45,41.26,13.83,2.67,12.0,32.51,86.64,LOW
vid026_low.mp4,87.23,41.51,48.03,9.55,2.08,12.0,32.4,100.0,LOW
vid026_low.mp4,92.37,31.06,45.86,7.86,1.58,12.0,15.46,100.0,LOW
vid026_low.mp4,97.5,42.95,38.59,14.32,5.68,12.0,69.51,100.0,LOW
vid026_low.mp4,102.63,42.49,35.38,10.69,1.5,12.0,10.58,68.27,LOW
vid026_low.mp4,107.77,25.08,36.23,6.29,5.31,12.0,68.22,70.3,LOW
vid026_low.mp4,112.9,23.04,45.22,11.11,5.12,12.0,65.41,77.86,LOW
vid026_low.mp4,118.03,40.85,55.91,19.21,3.06,12.0,20.78,84.98,LOW
vid026_low.mp4,123.17,41.22,55.22,23.5,3.93,12.0,49.76,100.0,LOW
vid026_low.mp4,128.3,16.57,52.14,11.82,5.49,12.0,92.99,100.0,LOW
vid026_low.mp4,133.43,55.41,64.64,35.72,8.42,24.0,87.56,100.0,LOW
vid026_low.mp4,138.57,13.41,46.78,29.27,2.37,36.0,6.27,60.17,LOW
vid026_low.mp4,143.7,25.75,67.02,30.55,9.46,24.0,100.0,100.0,LOW
vid026_low.mp4,148.83,16.32,62.83,17.34,9.78,24.0,100.0,100.0,LOW
vid026_low.mp4,153.97,21.34,51.5,20.29,4.43,12.0,32.22,96.18,LOW
vid026_low.mp4,159.1,26.45,44.93,21.44,5.52,12.0,41.7,100.0,LOW
vid026_low.mp4,164.23,20.54,40.49,10.88,1.25,12.0,9.86,81.19,LOW
vid026_low.mp4,169.37,23.53,40.28,13.05,3.22,12.0,37.74,100.0,LOW
vid026_low.mp4,174.5,35.0,42.97,2.4,0.34,0.0,0.86,3.59,LOW
vid026_low.mp4,179.63,12.47,36.74,12.51,1.91,12.0,23.3,100.0,LOW
vid026_low.mp4,184.77,10.67,32.45,15.13,2.16,12.0,13.48,92.14,LOW
vid026_low.mp4,189.9,23.43,47.68,17.84,5.37,12.0,89.22,100.0,LOW
vid026_low.mp4,195.03,33.08,52.14,23.71,1.11,12.0,8.13,83.42,LOW
vid026_low.mp4,200.17,27.72,75.66,27.86,7.62,12.0,100.0,100.0,LOW
vid026_low.mp4,205.3,30.62,56.76,15.37,6.9,12.0,100.0,100.0,LOW
vid026_low.mp4,210.43,24.02,49.48,11.17,5.42,12.0,93.31,100.0,LOW
vid026_low.mp4,215.57,21.27,46.23,16.28,6.29,12.0,76.2,100.0,LOW
vid026_low.mp4,220.7,32.47,30.07,9.88,4.31,12.0,68.53,100.0,LOW
vid026_low.mp4,225.83,38.63,24.27,6.75,0.95,0.0,2.75,9.37,LOW
vid026_low.mp4,230.97,20.74,48.94,13.1,7.45,12.0,100.0,100.0,LOW
vid026_low.mp4,236.1,9.74,51.2,12.09,3.44,12.0,43.89,75.65,LOW
vid026_low.mp4,241.23,28.94,50.63,23.94,5.98,12.0,48.16,100.0,LOW
vid026_low.mp4,246.37,36.21,59.26,15.86,7.1,12.0,100.0,100.0,LOW
vid026_low.mp4,251.5,34.34,60.8,8.98,5.5,12.0,100.0,100.0,LOW
vid026_low.mp4,256.63,40.84,35.99,3.62,0.79,0.0,8.54,16.71,LOW
vid026_low.mp4,261.77,39.42,60.86,7.59,4.77,12.0,100.0,100.0,LOW
vid026_low.mp4,266.9,24.92,48.35,23.39,7.06,36.0,100.0,100.0,LOW
vid026_low.mp4,272.03,20.79,45.67,18.98,4.28,12.0,35.72,98.18,LOW
vid026_low.mp4,277.17,34.93,43.76,15.73,3.18,12.0,18.41,100.0,LOW
vid026_low.mp4,282.3,20.02,34.03,22.02,11.65,12.0,100.0,100.0,LOW
vid026_low.mp4,287.43,11.7,38.56,27.97,8.69,12.0,78.82,100.0,LOW
vid026_low.mp4,292.57,47.3,43.52,17.1,7.64,12.0,96.97,100.0,LOW
vid027_low.mp4,0.0,32.43,90.79,7.79,8.19,24.0,100.0,100.0,LOW
vid027_low.mp4,5.1,40.07,67.72,8.84,5.11,24.0,100.0,95.18,LOW
vid027_low.mp4,10.23,31.57,68.87,2.2,0.19,0.0,0.74,4.2,LOW
vid027_low.mp4,15.37,35.62,58.19,7.1,3.0,24.0,51.9,62.24,LOW
vid027_low.mp4,20.5,37.07,68.04,12.32,4.81,36.0,44.9,69.57,LOW
vid027_low.mp4,25.63,37.07,69.04,15.34,5.34,48.0,45.87,64.18,LOW
vid027_low.mp4,30.77,37.04,73.31,3.81,2.21,12.0,47.05,59.22,LOW
vid027_low.mp4,35.9,36.0,70.46,4.34,2.41,12.0,49.49,63.59,LOW
vid027_low.mp4,41.03,38.7,65.28,6.18,1.03,0.0,12.39,46.97,LOW
vid027_low.mp4,46.17,35.58,70.02,5.51,2.25,12.0,39.45,58.16,LOW
vid027_low.mp4,51.3,15.6,50.33,32.35,37.47,0.0,54.9,46.65,LOW
vid027_low.mp4,56.43,34.92,92.72,0.25,0.13,0.0,0.32,0.77,LOW
vid028_low.mp4,0.0,26.63,53.9,8.93,0.66,0.0,2.61,15.36,LOW
vid028_low.mp4,5.17,25.25,53.65,7.58,1.15,12.0,17.77,65.97,LOW
vid028_low.mp4,10.18,22.28,56.77,7.78,0.78,0.0,2.02,13.45,LOW
vid028_low.mp4,15.18,29.97,54.36,14.21,2.46,36.0,14.45,62.54,LOW
vid028_low.mp4,20.19,23.27,52.28,20.19,2.76,24.0,26.34,75.53,LOW
vid029_low.mp4,0.0,45.45,56.01,38.31,2.85,24.0,10.64,55.62,LOW
vid029_low.mp4,5.11,37.82,53.39,35.2,5.17,12.0,42.97,100.0,LOW
vid029_low.mp4,10.24,19.62,47.97,12.12,2.61,0.0,7.68,20.21,LOW
vid029_low.mp4,15.38,20.29,49.33,18.45,5.23,12.0,71.02,100.0,LOW
vid029_low.mp4,20.52,28.13,59.86,1.34,0.13,0.0,0.59,2.73,LOW
vid029_low.mp4,25.66,28.12,59.8,1.54,0.13,0.0,0.54,2.67,LOW
vid029_low.mp4,30.8,28.2,60.01,1.49,0.14,0.0,0.39,2.76,LOW
vid029_low.mp4,35.94,28.21,60.09,1.31,0.11,0.0,0.32,2.83,LOW
vid029_low.mp4,41.07,28.23,60.14,1.29,0.13,0.0,0.4,2.55,LOW
vid029_low.mp4,46.21,41.11,52.82,6.27,3.64,12.0,73.84,100.0,LOW
vid029_low.mp4,51.35,53.23,46.4,1.89,0.36,0.0,1.72,3.21,LOW
vid029_low.mp4,56.49,52.97,46.43,1.37,0.27,0.0,0.53,2.01,LOW
vid029_low.mp4,61.63,50.68,46.5,7.91,1.21,12.0,16.01,100.0,LOW
vid029_low.mp4,66.77,24.55,38.8,29.69,2.34,0.0,6.48,41.06,LOW
vid029_low.mp4,71.91,20.03,36.57,19.6,2.54,0.0,6.49,47.46,LOW
vid029_low.mp4,77.04,26.36,35.93,58.78,4.13,252.0,11.44,74.76,LOW
vid029_low.mp4,82.18,24.9,30.45,25.93,3.38,72.0,35.95,100.0,LOW
vid029_low.mp4,87.32,22.83,29.01,1.26,0.24,0.0,0.71,2.47,LOW
vid029_low.mp4,92.46,22.8,28.9,0.92,0.18,0.0,0.59,1.75,LOW
vid029_low.mp4,97.6,22.77,28.89,1.09,0.2,0.0,0.58,2.04,LOW
vid029_low.mp4,102.74,22.78,29.14,1.1,0.25,0.0,0.8,1.89,LOW
vid029_low.mp4,107.87,21.47,33.59,14.01,3.69,12.0,69.9,92.13,LOW
vid029_low.mp4,113.01,19.74,41.42,28.99,1.19,0.0,3.02,34.43,LOW
vid029_low.mp4,118.15,13.6,46.71,18.68,3.15,12.0,52.42,100.0,LOW
vid029_low.mp4,123.29,8.55,50.44,1.56,0.28,0.0,1.66,2.84,LOW
vid029_low.mp4,128.43,8.48,50.41,1.41,0.27,0.0,0.75,2.4,LOW
vid029_low.mp4,133.57,8.39,50.37,1.91,0.26,0.0,1.35,3.18,LOW
vid029_low.mp4,138.71,8.42,50.29,1.9,0.31,0.0,1.11,2.56,LOW
vid029_low.mp4,143.84,8.37,50.09,1.89,0.23,0.0,0.92,2.61,LOW
vid029_low.mp4,148.98,18.77,42.67,5.45,2.59,12.0,52.53,77.64,LOW
vid029_low.mp4,154.12,22.54,40.03,2.24,0.28,0.0,1.14,3.86,LOW
vid029_low.mp4,159.26,22.32,41.17,2.57,0.4,0.0,3.18,5.02,LOW
vid029_low.mp4,164.4,22.37,41.07,2.26,0.33,0.0,2.11,4.71,LOW
vid029_low.mp4,169.54,22.11,41.24,2.27,0.19,0.0,0.4,3.92,LOW
vid029_low.mp4,174.67,15.44,44.93,10.43,1.41,12.0,19.65,86.6,LOW
vid029_low.mp4,179.81,14.61,44.26,16.25,1.44,0.0,4.22,25.05,LOW
vid029_low.mp4,184.95,14.09,44.7,17.48,1.52,0.0,3.73,21.5,LOW
vid029_low.mp4,190.09,13.66,46.73,9.47,0.89,0.0,2.78,12.77,LOW
vid029_low.mp4,195.23,13.78,46.89,12.66,1.38,0.0,3.55,20.57,LOW
vid029_low.mp4,200.37,14.88,45.63,10.05,2.39,12.0,35.33,69.52,LOW
vid029_low.mp4,205.51,34.4,39.08,20.61,1.28,0.0,3.36,24.23,LOW
vid029_low.mp4,210.64,29.83,38.2,20.49,1.12,0.0,3.7,23.2,LOW
vid029_low.mp4,215.78,25.39,38.81,17.63,0.81,0.0,2.55,20.71,LOW
vid029_low.mp4,220.92,26.09,43.38,13.78,1.72,0.0,2.8,17.18,LOW
vid029_low.mp4,226.06,32.62,48.2,8.08,1.81,12.0,24.06,70.47,LOW
vid029_low.mp4,231.2,38.66,49.89,5.88,2.14,0.0,6.91,12.42,LOW
vid029_low.mp4,236.34,36.71,48.42,4.41,1.16,0.0,2.96,7.18,LOW
vid029_low.mp4,241.47,35.42,46.25,4.18,0.9,0.0,2.55,7.21,LOW
vid029_low.mp4,246.61,35.77,45.75,5.42,1.08,0.0,2.92,10.79,LOW
vid029_low.mp4,251.75,33.11,31.8,9.21,5.95,12.0,100.0,100.0,LOW
vid029_low.mp4,256.89,28.7,23.51,4.64,0.33,0.0,1.06,6.23,LOW
vid029_low.mp4,262.03,27.51,23.89,4.58,0.27,0.0,0.55,5.23,LOW
vid029_low.mp4,267.17,26.93,24.28,3.74,0.31,0.0,0.85,4.33,LOW
vid029_low.mp4,272.31,26.57,27.11,4.59,1.25,0.0,2.62,5.02,LOW
vid029_low.mp4,277.44,30.13,32.47,3.43,0.87,0.0,2.01,4.11,LOW
vid029_low.mp4,282.58,31.68,34.1,1.89,0.45,0.0,1.58,2.87,LOW
vid029_low.mp4,287.72,31.94,33.88,1.01,0.28,0.0,1.11,2.06,LOW
vid029_low.mp4,292.86,21.32,49.44,7.8,4.81,12.0,94.51,100.0,LOW
vid030_low.mp4,0.0,45.23,76.42,2.05,0.28,0.0,1.6,3.12,LOW
vid030_low.mp4,5.1,45.29,76.54,1.19,0.13,0.0,0.82,2.99,LOW
vid030_low.mp4,10.23,45.5,76.62,0.94,0.22,0.0,1.2,2.56,LOW
vid030_low.mp4,15.37,44.94,76.6,1.49,0.37,0.0,1.52,2.46,LOW
vid030_low.mp4,20.5,45.29,76.55,1.21,0.17,0.0,0.74,3.22,LOW
vid030_low.mp4,25.63,45.45,76.57,0.99,0.19,0.0,1.01,2.29,LOW
vid030_low.mp4,30.77,45.28,76.5,1.19,0.08,0.0,0.53,2.28,LOW
vid030_low.mp4,35.9,45.26,76.41,2.13,0.28,0.0,1.72,3.23,LOW
vid030_low.mp4,41.03,45.48,76.6,0.79,0.17,0.0,0.99,2.79,LOW
vid030_low.mp4,46.17,45.35,76.56,1.34,0.2,0.0,1.25,2.6,LOW
vid030_low.mp4,51.3,45.02,76.59,1.35,0.31,0.0,1.81,2.32,LOW
vid030_low.mp4,56.43,45.41,76.6,0.92,0.21,0.0,1.13,2.56,LOW
vid030_low.mp4,61.57,45.33,76.58,0.98,0.17,0.0,0.81,2.12,LOW
vid030_low.mp4,66.7,45.2,76.44,1.49,0.14,0.0,0.96,2.27,LOW
vid030_low.mp4,71.83,45.38,76.48,1.3,0.14,0.0,0.97,3.64,LOW
vid030_low.mp4,76.97,45.49,76.57,1.0,0.2,0.0,1.84,3.79,LOW
vid030_low.mp4,82.1,45.09,76.49,2.0,0.34,0.0,1.3,3.3,LOW
vid030_low.mp4,87.23,45.17,76.6,0.84,0.14,0.0,1.13,2.09,LOW
vid030_low.mp4,92.37,45.32,76.64,0.95,0.32,0.0,1.71,2.53,LOW
vid030_low.mp4,97.5,45.54,76.58,1.47,0.2,0.0,0.72,2.54,LOW
vid030_low.mp4,102.63,45.84,76.55,1.46,0.12,0.0,0.83,2.31,LOW
vid030_low.mp4,107.77,45.56,76.57,0.91,0.16,0.0,1.51,2.9,LOW
vid030_low.mp4,112.9,45.45,76.5,1.46,0.21,0.0,1.41,3.61,LOW
vid030_low.mp4,118.03,45.03,76.47,1.94,0.27,0.0,1.31,3.0,LOW
vid030_low.mp4,123.17,45.3,76.63,0.55,0.18,0.0,1.09,1.78,LOW
vid030_low.mp4,128.3,45.25,76.62,1.1,0.25,0.0,1.51,2.29,LOW
vid030_low.mp4,133.43,45.21,76.52,1.63,0.26,0.0,0.88,2.33,LOW
vid030_low.mp4,138.57,45.51,76.53,1.28,0.1,0.0,1.03,2.87,LOW
vid030_low.mp4,143.7,45.51,76.61,0.48,0.09,0.0,0.55,2.92,LOW
vid030_low.mp4,148.83,45.31,76.42,2.22,0.31,0.0,1.83,3.86,LOW
vid030_low.mp4,153.97,45.22,76.51,1.26,0.15,0.0,0.73,3.26,LOW
vid030_low.mp4,159.1,45.39,76.61,0.92,0.2,0.0,1.1,3.04,LOW
vid030_low.mp4,164.23,45.03,76.6,1.52,0.4,0.0,1.63,2.36,LOW
vid030_low.mp4,169.37,45.31,76.55,1.26,0.17,0.0,0.75,2.95,LOW
vid030_low.mp4,174.5,45.45,76.57,0.98,0.19,0.0,1.07,2.6,LOW
vid030_low.mp4,179.63,45.6,76.56,1.16,0.11,0.0,0.46,3.01,LOW
vid030_low.mp4,184.77,45.2,76.41,2.16,0.28,0.0,1.87,3.71,LOW
vid030_low.mp4,189.9,45.34,76.56,0.88,0.17,0.0,1.08,2.72,LOW
vid030_low.mp4,195.03,45.4,76.57,1.22,0.21,0.0,1.61,3.12,LOW
vid030_low.mp4,200.17,44.94,76.6,1.48,0.34,0.0,1.78,3.16,LOW
vid030_low.mp4,205.3,45.34,76.58,0.94,0.17,0.0,0.82,2.5,LOW
vid030_low.mp4,210.43,45.6,76.61,0.9,0.2,0.0,0.76,2.21,LOW
vid030_low.mp4,215.57,45.28,76.47,1.49,0.11,0.0,0.36,3.1,LOW
vid030_low.mp4,220.7,45.45,76.48,1.58,0.16,0.0,1.29,3.45,LOW
vid030_low.mp4,225.83,45.51,76.6,0.87,0.21,0.0,1.79,3.66,LOW
vid030_low.mp4,230.97,45.18,76.5,1.93,0.29,0.0,1.33,3.26,LOW
vid030_low.mp4,236.1,45.16,76.59,0.94,0.16,0.0,1.08,2.58,LOW
vid030_low.mp4,241.23,45.46,76.65,0.92,0.35,0.0,1.89,2.45,LOW
vid030_low.mp4,246.37,45.6,76.58,1.39,0.19,0.0,0.8,2.64,LOW
vid030_low.mp4,251.5,45.34,76.45,1.56,0.14,0.0,1.04,2.29,LOW
vid030_low.mp4,256.63,45.65,76.57,1.11,0.19,0.0,1.74,2.99,LOW
vid030_low.mp4,261.77,45.41,76.52,1.27,0.19,0.0,1.63,3.12,LOW
vid030_low.mp4,266.9,45.11,76.49,1.99,0.32,0.0,1.16,3.4,LOW
vid030_low.mp4,272.03,45.26,76.63,0.71,0.21,0.0,1.15,2.39,LOW
vid030_low.mp4,277.17,45.41,76.65,0.92,0.22,0.0,1.55,2.18,LOW
vid030_low.mp4,282.3,45.18,76.52,1.55,0.23,0.0,0.9,2.37,LOW
vid030_low.mp4,287.43,45.3,76.47,1.37,0.11,0.0,1.0,2.68,LOW
vid030_low.mp4,292.57,45.58,76.63,0.46,0.09,0.0,0.56,2.2,LOW
vid031_low.mp4,0.0,0.75,98.73,2.1,1.31,0.0,9.71,8.23,LOW
vid031_low.mp4,5.11,33.77,40.63,13.08,13.97,36.0,100.0,91.32,LOW
vid031_low.mp4,10.24,36.76,36.68,1.68,0.31,0.0,1.11,2.34,LOW
vid031_low.mp4,15.38,36.49,37.2,1.64,0.34,0.0,1.25,2.52,LOW
vid031_low.mp4,20.52,36.24,37.58,1.62,0.35,0.0,1.61,2.37,LOW
vid031_low.mp4,25.66,36.22,37.86,1.57,0.3,0.0,0.57,2.2,LOW
vid031_low.mp4,30.8,36.31,38.02,1.51,0.38,0.0,2.31,2.61,LOW
vid031_low.mp4,35.94,36.32,38.26,1.5,0.35,0.0,1.04,2.29,LOW
vid031_low.mp4,41.07,36.48,38.49,1.45,0.31,0.0,0.83,2.37,LOW
vid031_low.mp4,46.21,36.55,38.79,1.4,0.22,0.0,1.04,2.07,LOW
vid031_low.mp4,51.35,36.59,39.01,1.4,0.36,0.0,1.34,2.19,LOW
vid031_low.mp4,56.49,36.73,39.29,1.37,0.3,0.0,0.91,1.88,LOW
vid031_low.mp4,61.63,36.73,39.63,1.36,0.35,0.0,1.55,2.26,LOW
vid031_low.mp4,66.77,36.68,39.89,1.3,0.25,0.0,1.31,2.09,LOW
vid031_low.mp4,71.91,36.53,40.2,1.35,0.36,0.0,1.52,2.24,LOW
vid031_low.mp4,77.04,28.94,39.06,4.12,1.31,0.0,9.29,20.63,LOW
vid031_low.mp4,82.18,28.41,39.1,1.35,0.26,0.0,1.19,2.15,LOW
vid031_low.mp4,87.32,28.25,39.41,1.32,0.26,0.0,0.59,1.99,LOW
vid031_low.mp4,92.46,28.04,39.64,1.31,0.34,0.0,1.37,2.22,LOW
vid031_low.mp4,97.6,27.8,39.86,1.21,0.2,0.0,0.69,1.4,LOW
vid031_low.mp4,102.74,27.63,40.08,1.25,0.27,0.0,1.37,2.11,LOW
vid031_low.mp4,107.87,27.53,40.2,1.22,0.27,0.0,1.47,2.18,LOW
vid031_low.mp4,113.01,27.44,40.31,1.24,0.25,0.0,1.09,2.16,LOW
vid031_low.mp4,118.15,27.4,40.43,1.23,0.24,0.0,0.66,1.94,LOW
vid031_low.mp4,123.29,27.41,40.55,1.18,0.27,0.0,1.59,2.13,LOW
vid031_low.mp4,128.43,27.44,40.65,1.21,0.32,0.0,0.63,1.85,LOW
vid031_low.mp4,133.57,27.43,40.72,1.17,0.25,0.0,1.54,2.12,LOW
vid031_low.mp4,138.71,27.43,40.8,1.13,0.25,0.0,1.28,1.94,LOW
vid031_low.mp4,143.84,27.34,40.78,1.14,0.24,0.0,0.71,1.89,LOW
vid031_low.mp4,148.98,32.68,38.32,6.02,3.05,0.0,23.7,37.01,LOW
vid031_low.mp4,154.12,36.66,36.21,1.51,0.32,0.0,0.75,2.19,LOW
vid031_low.mp4,159.26,36.53,36.72,1.43,0.34,0.0,1.33,2.21,LOW
vid031_low.mp4,164.4,36.34,37.12,1.43,0.33,0.0,1.07,2.29,LOW
vid031_low.mp4,169.54,36.5,37.3,1.36,0.23,0.0,1.07,1.98,LOW
vid031_low.mp4,174.67,36.53,37.36,1.35,0.31,0.0,1.11,2.09,LOW
vid031_low.mp4,179.81,36.89,37.38,1.31,0.26,0.0,1.06,1.83,LOW
vid031_low.mp4,184.95,37.14,37.5,1.28,0.29,0.0,0.95,2.02,LOW
vid031_low.mp4,190.09,37.42,37.68,1.25,0.34,0.0,1.02,1.98,LOW
vid031_low.mp4,195.23,37.5,37.88,1.24,0.28,0.0,1.23,1.95,LOW
vid031_low.mp4,200.37,37.74,38.08,1.17,0.28,0.0,1.72,1.92,LOW
vid031_low.mp4,205.51,37.75,38.06,1.13,0.22,0.0,0.75,1.69,LOW
vid031_low.mp4,210.64,37.78,38.05,1.12,0.28,0.0,0.84,1.72,LOW
vid031_low.mp4,215.78,33.27,40.22,4.88,1.88,0.0,15.3,26.11,LOW
vid031_low.mp4,220.92,25.42,43.11,1.72,0.34,0.0,1.22,2.24,LOW
vid031_low.mp4,226.06,25.12,41.85,1.71,0.35,0.0,1.56,2.53,LOW
vid031_low.mp4,231.2,24.87,40.73,1.67,0.32,0.0,0.75,2.42,LOW
vid031_low.mp4,236.34,24.66,39.62,1.65,0.36,0.0,1.87,2.55,LOW
vid031_low.mp4,241.47,24.18,38.49,1.63,0.33,0.0,1.32,2.5,LOW
vid031_low.mp4,246.61,24.0,37.44,1.6,0.28,0.0,0.96,2.08,LOW
vid031_low.mp4,251.75,23.81,36.42,1.56,0.33,0.0,1.69,2.26,LOW
vid031_low.mp4,256.89,23.58,35.53,1.45,0.17,0.0,0.79,1.84,LOW
vid031_low.mp4,262.03,23.41,34.77,1.43,0.26,0.0,0.85,2.04,LOW
vid031_low.mp4,267.17,23.32,34.01,1.4,0.29,0.0,1.23,2.11,LOW
vid031_low.mp4,272.31,23.15,33.22,1.34,0.28,0.0,1.49,1.91,LOW
vid031_low.mp4,277.44,23.08,32.54,1.29,0.24,0.0,1.27,2.05,LOW
vid031_low.mp4,282.58,22.87,32.02,1.78,0.8,0.0,12.94,12.44,LOW
vid031_low.mp4,287.72,31.9,48.98,5.62,3.78,0.0,32.26,34.55,LOW
vid031_low.mp4,292.86,33.08,48.91,1.69,0.38,0.0,2.22,2.54,LOW
